"filename", "language", "HTML", "Markdown", "JavaScript", "Java", "JSON", "TypeScript", "JSON with Comments", "TypeScript JSX", "vue", "SCSS", "CSS", "XML", "JavaScript JSX", "Ignore", "Draw.io", "Properties", "YAML", "SQL", "comment", "blank", "total"
"d:\codes\996ForCredit\20230727-front\test1.html", "HTML", 55, 0, 0, 0, 0, 0, 0, 0, 0, 0, 0, 0, 0, 0, 0, 0, 0, 0, 0, 4, 59
"d:\codes\996ForCredit\20230728-front\jquery\1.html", "HTML", 17, 0, 0, 0, 0, 0, 0, 0, 0, 0, 0, 0, 0, 0, 0, 0, 0, 0, 1, 4, 22
"d:\codes\996ForCredit\20230728-front\jquery\2.html", "HTML", 25, 0, 0, 0, 0, 0, 0, 0, 0, 0, 0, 0, 0, 0, 0, 0, 0, 0, 1, 3, 29
"d:\codes\996ForCredit\20230728-front\jquery\3.html", "HTML", 54, 0, 0, 0, 0, 0, 0, 0, 0, 0, 0, 0, 0, 0, 0, 0, 0, 0, 1, 3, 58
"d:\codes\996ForCredit\20230728-front\jquery\4.html", "HTML", 48, 0, 0, 0, 0, 0, 0, 0, 0, 0, 0, 0, 0, 0, 0, 0, 0, 0, 1, 4, 53
"d:\codes\996ForCredit\20230728-front\jquery\5.html", "HTML", 49, 0, 0, 0, 0, 0, 0, 0, 0, 0, 0, 0, 0, 0, 0, 0, 0, 0, 1, 3, 53
"d:\codes\996ForCredit\20230728-front\jquery\templete.html", "HTML", 12, 0, 0, 0, 0, 0, 0, 0, 0, 0, 0, 0, 0, 0, 0, 0, 0, 0, 1, 5, 18
"d:\codes\996ForCredit\20230728-front\js\jquery-3.7.0.min.js", "JavaScript", 0, 0, 1, 0, 0, 0, 0, 0, 0, 0, 0, 0, 0, 0, 0, 0, 0, 0, 1, 0, 2
"d:\codes\996ForCredit\20230728-front\js的Object\1.html", "HTML", 63, 0, 0, 0, 0, 0, 0, 0, 0, 0, 0, 0, 0, 0, 0, 0, 0, 0, 0, 4, 67
"d:\codes\996ForCredit\20230728-front\js的Object\10.html", "HTML", 37, 0, 0, 0, 0, 0, 0, 0, 0, 0, 0, 0, 0, 0, 0, 0, 0, 0, 0, 4, 41
"d:\codes\996ForCredit\20230728-front\js的Object\11.html", "HTML", 18, 0, 0, 0, 0, 0, 0, 0, 0, 0, 0, 0, 0, 0, 0, 0, 0, 0, 0, 4, 22
"d:\codes\996ForCredit\20230728-front\js的Object\12.html", "HTML", 22, 0, 0, 0, 0, 0, 0, 0, 0, 0, 0, 0, 0, 0, 0, 0, 0, 0, 0, 4, 26
"d:\codes\996ForCredit\20230728-front\js的Object\2.html", "HTML", 32, 0, 0, 0, 0, 0, 0, 0, 0, 0, 0, 0, 0, 0, 0, 0, 0, 0, 0, 4, 36
"d:\codes\996ForCredit\20230728-front\js的Object\3.html", "HTML", 36, 0, 0, 0, 0, 0, 0, 0, 0, 0, 0, 0, 0, 0, 0, 0, 0, 0, 0, 5, 41
"d:\codes\996ForCredit\20230728-front\js的Object\4.html", "HTML", 32, 0, 0, 0, 0, 0, 0, 0, 0, 0, 0, 0, 0, 0, 0, 0, 0, 0, 0, 6, 38
"d:\codes\996ForCredit\20230728-front\js的Object\5.html", "HTML", 42, 0, 0, 0, 0, 0, 0, 0, 0, 0, 0, 0, 0, 0, 0, 0, 0, 0, 0, 5, 47
"d:\codes\996ForCredit\20230728-front\js的Object\6.html", "HTML", 19, 0, 0, 0, 0, 0, 0, 0, 0, 0, 0, 0, 0, 0, 0, 0, 0, 0, 0, 4, 23
"d:\codes\996ForCredit\20230728-front\js的Object\7.html", "HTML", 29, 0, 0, 0, 0, 0, 0, 0, 0, 0, 0, 0, 0, 0, 0, 0, 0, 0, 0, 5, 34
"d:\codes\996ForCredit\20230728-front\js的Object\8.html", "HTML", 26, 0, 0, 0, 0, 0, 0, 0, 0, 0, 0, 0, 0, 0, 0, 0, 0, 0, 0, 4, 30
"d:\codes\996ForCredit\20230728-front\js的Object\9.html", "HTML", 36, 0, 0, 0, 0, 0, 0, 0, 0, 0, 0, 0, 0, 0, 0, 0, 0, 0, 0, 6, 42
"d:\codes\996ForCredit\20230728-front\js的Object\test.js", "JavaScript", 0, 0, 4, 0, 0, 0, 0, 0, 0, 0, 0, 0, 0, 0, 0, 0, 0, 0, 3, 0, 7
"d:\codes\996ForCredit\20230728-front\js的Object\test1.js", "JavaScript", 0, 0, 3, 0, 0, 0, 0, 0, 0, 0, 0, 0, 0, 0, 0, 0, 0, 0, 1, 0, 4
"d:\codes\996ForCredit\20230728-front\js的Object\test2.js", "JavaScript", 0, 0, 4, 0, 0, 0, 0, 0, 0, 0, 0, 0, 0, 0, 0, 0, 0, 0, 4, 0, 8
"d:\codes\996ForCredit\20230728-front\js的Object\test3.js", "JavaScript", 0, 0, 4, 0, 0, 0, 0, 0, 0, 0, 0, 0, 0, 0, 0, 0, 0, 0, 1, 0, 5
"d:\codes\996ForCredit\20230729\1.html", "HTML", 40, 0, 0, 0, 0, 0, 0, 0, 0, 0, 0, 0, 0, 0, 0, 0, 0, 0, 1, 3, 44
"d:\codes\996ForCredit\20230729\10.html", "HTML", 37, 0, 0, 0, 0, 0, 0, 0, 0, 0, 0, 0, 0, 0, 0, 0, 0, 0, 1, 4, 42
"d:\codes\996ForCredit\20230729\11.html", "HTML", 20, 0, 0, 0, 0, 0, 0, 0, 0, 0, 0, 0, 0, 0, 0, 0, 0, 0, 1, 3, 24
"d:\codes\996ForCredit\20230729\12.html", "HTML", 31, 0, 0, 0, 0, 0, 0, 0, 0, 0, 0, 0, 0, 0, 0, 0, 0, 0, 1, 6, 38
"d:\codes\996ForCredit\20230729\13.html", "HTML", 21, 0, 0, 0, 0, 0, 0, 0, 0, 0, 0, 0, 0, 0, 0, 0, 0, 0, 1, 3, 25
"d:\codes\996ForCredit\20230729\14.html", "HTML", 59, 0, 0, 0, 0, 0, 0, 0, 0, 0, 0, 0, 0, 0, 0, 0, 0, 0, 6, 4, 69
"d:\codes\996ForCredit\20230729\15.html", "HTML", 65, 0, 0, 0, 0, 0, 0, 0, 0, 0, 0, 0, 0, 0, 0, 0, 0, 0, 1, 3, 69
"d:\codes\996ForCredit\20230729\16.html", "HTML", 62, 0, 0, 0, 0, 0, 0, 0, 0, 0, 0, 0, 0, 0, 0, 0, 0, 0, 1, 3, 66
"d:\codes\996ForCredit\20230729\2.html", "HTML", 44, 0, 0, 0, 0, 0, 0, 0, 0, 0, 0, 0, 0, 0, 0, 0, 0, 0, 1, 3, 48
"d:\codes\996ForCredit\20230729\3.html", "HTML", 47, 0, 0, 0, 0, 0, 0, 0, 0, 0, 0, 0, 0, 0, 0, 0, 0, 0, 1, 3, 51
"d:\codes\996ForCredit\20230729\4.html", "HTML", 43, 0, 0, 0, 0, 0, 0, 0, 0, 0, 0, 0, 0, 0, 0, 0, 0, 0, 1, 5, 49
"d:\codes\996ForCredit\20230729\5.html", "HTML", 32, 0, 0, 0, 0, 0, 0, 0, 0, 0, 0, 0, 0, 0, 0, 0, 0, 0, 1, 5, 38
"d:\codes\996ForCredit\20230729\6.html", "HTML", 33, 0, 0, 0, 0, 0, 0, 0, 0, 0, 0, 0, 0, 0, 0, 0, 0, 0, 1, 5, 39
"d:\codes\996ForCredit\20230729\7.html", "HTML", 23, 0, 0, 0, 0, 0, 0, 0, 0, 0, 0, 0, 0, 0, 0, 0, 0, 0, 1, 4, 28
"d:\codes\996ForCredit\20230729\8.html", "HTML", 22, 0, 0, 0, 0, 0, 0, 0, 0, 0, 0, 0, 0, 0, 0, 0, 0, 0, 1, 4, 27
"d:\codes\996ForCredit\20230729\9.html", "HTML", 59, 0, 0, 0, 0, 0, 0, 0, 0, 0, 0, 0, 0, 0, 0, 0, 0, 0, 1, 5, 65
"d:\codes\996ForCredit\20230729\js\jquery-3.7.0.min.js", "JavaScript", 0, 0, 1, 0, 0, 0, 0, 0, 0, 0, 0, 0, 0, 0, 0, 0, 0, 0, 1, 0, 2
"d:\codes\996ForCredit\20230729\templete.html", "HTML", 13, 0, 0, 0, 0, 0, 0, 0, 0, 0, 0, 0, 0, 0, 0, 0, 0, 0, 1, 4, 18
"d:\codes\996ForCredit\20230731\_20230731-jdbc\.idea\dataSources.xml", "XML", 0, 0, 0, 0, 0, 0, 0, 0, 0, 0, 0, 12, 0, 0, 0, 0, 0, 0, 0, 0, 12
"d:\codes\996ForCredit\20230731\_20230731-jdbc\.idea\encodings.xml", "XML", 0, 0, 0, 0, 0, 0, 0, 0, 0, 0, 0, 8, 0, 0, 0, 0, 0, 0, 0, 0, 8
"d:\codes\996ForCredit\20230731\_20230731-jdbc\.idea\misc.xml", "XML", 0, 0, 0, 0, 0, 0, 0, 0, 0, 0, 0, 18, 0, 0, 0, 0, 0, 0, 0, 0, 18
"d:\codes\996ForCredit\20230731\_20230731-jdbc\.idea\sqldialects.xml", "XML", 0, 0, 0, 0, 0, 0, 0, 0, 0, 0, 0, 7, 0, 0, 0, 0, 0, 0, 0, 0, 7
"d:\codes\996ForCredit\20230731\_20230731-jdbc\.idea\vcs.xml", "XML", 0, 0, 0, 0, 0, 0, 0, 0, 0, 0, 0, 6, 0, 0, 0, 0, 0, 0, 0, 0, 6
"d:\codes\996ForCredit\20230731\_20230731-jdbc\pom.xml", "XML", 0, 0, 0, 0, 0, 0, 0, 0, 0, 0, 0, 21, 0, 0, 0, 0, 0, 0, 1, 4, 26
"d:\codes\996ForCredit\20230731\_20230731-jdbc\qodana.yaml", "YAML", 0, 0, 0, 0, 0, 0, 0, 0, 0, 0, 0, 0, 0, 0, 0, 0, 5, 0, 19, 8, 32
"d:\codes\996ForCredit\20230731\_20230731-jdbc\src\main\java\com\tjetc\Test.java", "Java", 0, 0, 0, 93, 0, 0, 0, 0, 0, 0, 0, 0, 0, 0, 0, 0, 0, 0, 25, 14, 132
"d:\codes\996ForCredit\20230731\_20230731-jdbc\src\main\java\com\tjetc\entity\User.java", "Java", 0, 0, 0, 32, 0, 0, 0, 0, 0, 0, 0, 0, 0, 0, 0, 0, 0, 0, 0, 9, 41
"d:\codes\996ForCredit\20230731\_20240731-mysql\0_create.sql", "SQL", 0, 0, 0, 0, 0, 0, 0, 0, 0, 0, 0, 0, 0, 0, 0, 0, 0, 53, 5, 5, 63
"d:\codes\996ForCredit\20230731\_20240731-mysql\1.sql", "SQL", 0, 0, 0, 0, 0, 0, 0, 0, 0, 0, 0, 0, 0, 0, 0, 0, 0, 10, 4, 9, 23
"d:\codes\996ForCredit\20230731\_20240731-mysql\2.sql", "SQL", 0, 0, 0, 0, 0, 0, 0, 0, 0, 0, 0, 0, 0, 0, 0, 0, 0, 63, 17, 36, 116
"d:\codes\996ForCredit\20230731\_20240731-mysql\3.sql", "SQL", 0, 0, 0, 0, 0, 0, 0, 0, 0, 0, 0, 0, 0, 0, 0, 0, 0, 51, 16, 18, 85
"d:\codes\996ForCredit\20230731\_20240731-mysql\4.sql", "SQL", 0, 0, 0, 0, 0, 0, 0, 0, 0, 0, 0, 0, 0, 0, 0, 0, 0, 15, 4, 3, 22
"d:\codes\996ForCredit\20230731\_20240731-mysql\5.sql", "SQL", 0, 0, 0, 0, 0, 0, 0, 0, 0, 0, 0, 0, 0, 0, 0, 0, 0, 12, 3, 3, 18
"d:\codes\996ForCredit\20230731\_20240731-mysql\6.sql", "SQL", 0, 0, 0, 0, 0, 0, 0, 0, 0, 0, 0, 0, 0, 0, 0, 0, 0, 39, 10, 10, 59
"d:\codes\996ForCredit\20230731\create_table.sql", "SQL", 0, 0, 0, 0, 0, 0, 0, 0, 0, 0, 0, 0, 0, 0, 0, 0, 0, 12, 4, 2, 18
"d:\codes\996ForCredit\20230731\querys\create.sql", "SQL", 0, 0, 0, 0, 0, 0, 0, 0, 0, 0, 0, 0, 0, 0, 0, 0, 0, 53, 5, 5, 63
"d:\codes\996ForCredit\20230801\_20230801-mybatis\.idea\dataSources.xml", "XML", 0, 0, 0, 0, 0, 0, 0, 0, 0, 0, 0, 12, 0, 0, 0, 0, 0, 0, 0, 0, 12
"d:\codes\996ForCredit\20230801\_20230801-mybatis\.idea\encodings.xml", "XML", 0, 0, 0, 0, 0, 0, 0, 0, 0, 0, 0, 8, 0, 0, 0, 0, 0, 0, 0, 0, 8
"d:\codes\996ForCredit\20230801\_20230801-mybatis\.idea\misc.xml", "XML", 0, 0, 0, 0, 0, 0, 0, 0, 0, 0, 0, 14, 0, 0, 0, 0, 0, 0, 0, 0, 14
"d:\codes\996ForCredit\20230801\_20230801-mybatis\.idea\sqldialects.xml", "XML", 0, 0, 0, 0, 0, 0, 0, 0, 0, 0, 0, 6, 0, 0, 0, 0, 0, 0, 0, 0, 6
"d:\codes\996ForCredit\20230801\_20230801-mybatis\.idea\vcs.xml", "XML", 0, 0, 0, 0, 0, 0, 0, 0, 0, 0, 0, 6, 0, 0, 0, 0, 0, 0, 0, 0, 6
"d:\codes\996ForCredit\20230801\_20230801-mybatis\pom.xml", "XML", 0, 0, 0, 0, 0, 0, 0, 0, 0, 0, 0, 31, 0, 0, 0, 0, 0, 0, 0, 4, 35
"d:\codes\996ForCredit\20230801\_20230801-mybatis\src\main\java\com\tjetc\common\SqlSessionUtils.java", "Java", 0, 0, 0, 13, 0, 0, 0, 0, 0, 0, 0, 0, 0, 0, 0, 0, 0, 0, 3, 4, 20
"d:\codes\996ForCredit\20230801\_20230801-mybatis\src\main\java\com\tjetc\dao\UserMapper.java", "Java", 0, 0, 0, 21, 0, 0, 0, 0, 0, 0, 0, 0, 0, 0, 0, 0, 0, 0, 11, 18, 50
"d:\codes\996ForCredit\20230801\_20230801-mybatis\src\main\java\com\tjetc\entity\User.java", "Java", 0, 0, 0, 32, 0, 0, 0, 0, 0, 0, 0, 0, 0, 0, 0, 0, 0, 0, 0, 8, 40
"d:\codes\996ForCredit\20230801\_20230801-mybatis\src\main\resources\db.properties", "Properties", 0, 0, 0, 0, 0, 0, 0, 0, 0, 0, 0, 0, 0, 0, 0, 4, 0, 0, 0, 0, 4
"d:\codes\996ForCredit\20230801\_20230801-mybatis\src\main\resources\mapper\UserMapper.xml", "XML", 0, 0, 0, 0, 0, 0, 0, 0, 0, 0, 0, 138, 0, 0, 0, 0, 0, 0, 22, 11, 171
"d:\codes\996ForCredit\20230801\_20230801-mybatis\src\main\resources\mybatis.xml", "XML", 0, 0, 0, 0, 0, 0, 0, 0, 0, 0, 0, 29, 0, 0, 0, 0, 0, 0, 14, 2, 45
"d:\codes\996ForCredit\20230801\_20230801-mybatis\src\test\java\com\tjetc\TestUser.java", "Java", 0, 0, 0, 68, 0, 0, 0, 0, 0, 0, 0, 0, 0, 0, 0, 0, 0, 0, 23, 10, 101
"d:\codes\996ForCredit\20230801\_20230801-mybatis\src\test\java\com\tjetc\TestUser2.java", "Java", 0, 0, 0, 94, 0, 0, 0, 0, 0, 0, 0, 0, 0, 0, 0, 0, 0, 0, 22, 16, 132
"d:\codes\996ForCredit\20230802\_20230802-mybatis\.idea\dataSources.xml", "XML", 0, 0, 0, 0, 0, 0, 0, 0, 0, 0, 0, 12, 0, 0, 0, 0, 0, 0, 0, 0, 12
"d:\codes\996ForCredit\20230802\_20230802-mybatis\.idea\encodings.xml", "XML", 0, 0, 0, 0, 0, 0, 0, 0, 0, 0, 0, 8, 0, 0, 0, 0, 0, 0, 0, 0, 8
"d:\codes\996ForCredit\20230802\_20230802-mybatis\.idea\misc.xml", "XML", 0, 0, 0, 0, 0, 0, 0, 0, 0, 0, 0, 14, 0, 0, 0, 0, 0, 0, 0, 0, 14
"d:\codes\996ForCredit\20230802\_20230802-mybatis\.idea\vcs.xml", "XML", 0, 0, 0, 0, 0, 0, 0, 0, 0, 0, 0, 6, 0, 0, 0, 0, 0, 0, 0, 0, 6
"d:\codes\996ForCredit\20230802\_20230802-mybatis\pom.xml", "XML", 0, 0, 0, 0, 0, 0, 0, 0, 0, 0, 0, 36, 0, 0, 0, 0, 0, 0, 1, 6, 43
"d:\codes\996ForCredit\20230802\_20230802-mybatis\src\main\java\com\tjetc\common\SqlSessionUtils.java", "Java", 0, 0, 0, 13, 0, 0, 0, 0, 0, 0, 0, 0, 0, 0, 0, 0, 0, 0, 3, 4, 20
"d:\codes\996ForCredit\20230802\_20230802-mybatis\src\main\java\com\tjetc\dao\AdminMapper.java", "Java", 0, 0, 0, 8, 0, 0, 0, 0, 0, 0, 0, 0, 0, 0, 0, 0, 0, 0, 0, 6, 14
"d:\codes\996ForCredit\20230802\_20230802-mybatis\src\main\java\com\tjetc\dao\CourseMapper.java", "Java", 0, 0, 0, 5, 0, 0, 0, 0, 0, 0, 0, 0, 0, 0, 0, 0, 0, 0, 0, 3, 8
"d:\codes\996ForCredit\20230802\_20230802-mybatis\src\main\java\com\tjetc\dao\IdCardMapper.java", "Java", 0, 0, 0, 7, 0, 0, 0, 0, 0, 0, 0, 0, 0, 0, 0, 0, 0, 0, 0, 3, 10
"d:\codes\996ForCredit\20230802\_20230802-mybatis\src\main\java\com\tjetc\dao\MyClassMapper.java", "Java", 0, 0, 0, 7, 0, 0, 0, 0, 0, 0, 0, 0, 0, 0, 0, 0, 0, 0, 0, 4, 11
"d:\codes\996ForCredit\20230802\_20230802-mybatis\src\main\java\com\tjetc\dao\PersonMapper.java", "Java", 0, 0, 0, 5, 0, 0, 0, 0, 0, 0, 0, 0, 0, 0, 0, 0, 0, 0, 0, 3, 8
"d:\codes\996ForCredit\20230802\_20230802-mybatis\src\main\java\com\tjetc\dao\StudentMapper.java", "Java", 0, 0, 0, 5, 0, 0, 0, 0, 0, 0, 0, 0, 0, 0, 0, 0, 0, 0, 0, 3, 8
"d:\codes\996ForCredit\20230802\_20230802-mybatis\src\main\java\com\tjetc\dao\TeacherMapper.java", "Java", 0, 0, 0, 9, 0, 0, 0, 0, 0, 0, 0, 0, 0, 0, 0, 0, 0, 0, 0, 5, 14
"d:\codes\996ForCredit\20230802\_20230802-mybatis\src\main\java\com\tjetc\entity\Admin.java", "Java", 0, 0, 0, 41, 0, 0, 0, 0, 0, 0, 0, 0, 0, 0, 0, 0, 0, 0, 2, 12, 55
"d:\codes\996ForCredit\20230802\_20230802-mybatis\src\main\java\com\tjetc\entity\Course.java", "Java", 0, 0, 0, 33, 0, 0, 0, 0, 0, 0, 0, 0, 0, 0, 0, 0, 0, 0, 0, 10, 43
"d:\codes\996ForCredit\20230802\_20230802-mybatis\src\main\java\com\tjetc\entity\IdCard.java", "Java", 0, 0, 0, 32, 0, 0, 0, 0, 0, 0, 0, 0, 0, 0, 0, 0, 0, 0, 1, 9, 42
"d:\codes\996ForCredit\20230802\_20230802-mybatis\src\main\java\com\tjetc\entity\MyClass.java", "Java", 0, 0, 0, 33, 0, 0, 0, 0, 0, 0, 0, 0, 0, 0, 0, 0, 0, 0, 1, 10, 44
"d:\codes\996ForCredit\20230802\_20230802-mybatis\src\main\java\com\tjetc\entity\Person.java", "Java", 0, 0, 0, 24, 0, 0, 0, 0, 0, 0, 0, 0, 0, 0, 0, 0, 0, 0, 0, 8, 32
"d:\codes\996ForCredit\20230802\_20230802-mybatis\src\main\java\com\tjetc\entity\Student.java", "Java", 0, 0, 0, 32, 0, 0, 0, 0, 0, 0, 0, 0, 0, 0, 0, 0, 0, 0, 0, 9, 41
"d:\codes\996ForCredit\20230802\_20230802-mybatis\src\main\java\com\tjetc\entity\Teacher.java", "Java", 0, 0, 0, 33, 0, 0, 0, 0, 0, 0, 0, 0, 0, 0, 0, 0, 0, 0, 0, 10, 43
"d:\codes\996ForCredit\20230802\_20230802-mybatis\src\main\java\com\tjetc\enums\EnumSex.java", "Java", 0, 0, 0, 25, 0, 0, 0, 0, 0, 0, 0, 0, 0, 0, 0, 0, 0, 0, 0, 8, 33
"d:\codes\996ForCredit\20230802\_20230802-mybatis\src\main\java\com\tjetc\handlers\EnumSexTypeHandler.java", "Java", 0, 0, 0, 29, 0, 0, 0, 0, 0, 0, 0, 0, 0, 0, 0, 0, 0, 0, 19, 8, 56
"d:\codes\996ForCredit\20230802\_20230802-mybatis\src\main\resources\com\tjetc\dao\AdminMapper.xml", "XML", 0, 0, 0, 0, 0, 0, 0, 0, 0, 0, 0, 24, 0, 0, 0, 0, 0, 0, 3, 4, 31
"d:\codes\996ForCredit\20230802\_20230802-mybatis\src\main\resources\com\tjetc\dao\CourseMapper.xml", "XML", 0, 0, 0, 0, 0, 0, 0, 0, 0, 0, 0, 9, 0, 0, 0, 0, 0, 0, 0, 0, 9
"d:\codes\996ForCredit\20230802\_20230802-mybatis\src\main\resources\com\tjetc\dao\IdCardMapper.xml", "XML", 0, 0, 0, 0, 0, 0, 0, 0, 0, 0, 0, 43, 0, 0, 0, 0, 0, 0, 2, 6, 51
"d:\codes\996ForCredit\20230802\_20230802-mybatis\src\main\resources\com\tjetc\dao\MyClassMapper.xml", "XML", 0, 0, 0, 0, 0, 0, 0, 0, 0, 0, 0, 43, 0, 0, 0, 0, 0, 0, 0, 4, 47
"d:\codes\996ForCredit\20230802\_20230802-mybatis\src\main\resources\com\tjetc\dao\PersonMapper.xml", "XML", 0, 0, 0, 0, 0, 0, 0, 0, 0, 0, 0, 9, 0, 0, 0, 0, 0, 0, 0, 0, 9
"d:\codes\996ForCredit\20230802\_20230802-mybatis\src\main\resources\com\tjetc\dao\StudentMapper.xml", "XML", 0, 0, 0, 0, 0, 0, 0, 0, 0, 0, 0, 9, 0, 0, 0, 0, 0, 0, 0, 0, 9
"d:\codes\996ForCredit\20230802\_20230802-mybatis\src\main\resources\com\tjetc\dao\TeacherMapper.xml", "XML", 0, 0, 0, 0, 0, 0, 0, 0, 0, 0, 0, 49, 0, 0, 0, 0, 0, 0, 2, 6, 57
"d:\codes\996ForCredit\20230802\_20230802-mybatis\src\main\resources\db.properties", "Properties", 0, 0, 0, 0, 0, 0, 0, 0, 0, 0, 0, 0, 0, 0, 0, 4, 0, 0, 0, 0, 4
"d:\codes\996ForCredit\20230802\_20230802-mybatis\src\main\resources\mybatis.xml", "XML", 0, 0, 0, 0, 0, 0, 0, 0, 0, 0, 0, 35, 0, 0, 0, 0, 0, 0, 22, 4, 61
"d:\codes\996ForCredit\20230802\_20230802-mybatis\src\test\java\com\tjetc\TestAdmin.java", "Java", 0, 0, 0, 52, 0, 0, 0, 0, 0, 0, 0, 0, 0, 0, 0, 0, 0, 0, 1, 7, 60
"d:\codes\996ForCredit\20230802\_20230802-mybatis\src\test\java\com\tjetc\TestMyClassAndStudent.java", "Java", 0, 0, 0, 46, 0, 0, 0, 0, 0, 0, 0, 0, 0, 0, 0, 0, 0, 0, 0, 11, 57
"d:\codes\996ForCredit\20230802\_20230802-mybatis\src\test\java\com\tjetc\TestPersonAndIdCard.java", "Java", 0, 0, 0, 42, 0, 0, 0, 0, 0, 0, 0, 0, 0, 0, 0, 0, 0, 0, 0, 11, 53
"d:\codes\996ForCredit\20230802\_20230802-mybatis\src\test\java\com\tjetc\TestTeacherAndCourse.java", "Java", 0, 0, 0, 60, 0, 0, 0, 0, 0, 0, 0, 0, 0, 0, 0, 0, 0, 0, 3, 10, 73
"d:\codes\996ForCredit\20230802\querys\create2.sql", "SQL", 0, 0, 0, 0, 0, 0, 0, 0, 0, 0, 0, 0, 0, 0, 0, 0, 0, 11, 1, 0, 12
"d:\codes\996ForCredit\20230803\_20230803-spring\.idea\encodings.xml", "XML", 0, 0, 0, 0, 0, 0, 0, 0, 0, 0, 0, 8, 0, 0, 0, 0, 0, 0, 0, 0, 8
"d:\codes\996ForCredit\20230803\_20230803-spring\.idea\misc.xml", "XML", 0, 0, 0, 0, 0, 0, 0, 0, 0, 0, 0, 14, 0, 0, 0, 0, 0, 0, 0, 0, 14
"d:\codes\996ForCredit\20230803\_20230803-spring\.idea\uiDesigner.xml", "XML", 0, 0, 0, 0, 0, 0, 0, 0, 0, 0, 0, 124, 0, 0, 0, 0, 0, 0, 0, 0, 124
"d:\codes\996ForCredit\20230803\_20230803-spring\.idea\vcs.xml", "XML", 0, 0, 0, 0, 0, 0, 0, 0, 0, 0, 0, 6, 0, 0, 0, 0, 0, 0, 0, 0, 6
"d:\codes\996ForCredit\20230803\_20230803-spring\pom.xml", "XML", 0, 0, 0, 0, 0, 0, 0, 0, 0, 0, 0, 21, 0, 0, 0, 0, 0, 0, 1, 4, 26
"d:\codes\996ForCredit\20230803\_20230803-spring\src\main\java\com\tjetc\Test.java", "Java", 0, 0, 0, 26, 0, 0, 0, 0, 0, 0, 0, 0, 0, 0, 0, 0, 0, 0, 15, 5, 46
"d:\codes\996ForCredit\20230803\_20230803-spring\src\main\java\com\tjetc\Test1.java", "Java", 0, 0, 0, 15, 0, 0, 0, 0, 0, 0, 0, 0, 0, 0, 0, 0, 0, 0, 0, 2, 17
"d:\codes\996ForCredit\20230803\_20230803-spring\src\main\java\com\tjetc\Test3.java", "Java", 0, 0, 0, 14, 0, 0, 0, 0, 0, 0, 0, 0, 0, 0, 0, 0, 0, 0, 0, 4, 18
"d:\codes\996ForCredit\20230803\_20230803-spring\src\main\java\com\tjetc\common\AdminContent.java", "Java", 0, 0, 0, 32, 0, 0, 0, 0, 0, 0, 0, 0, 0, 0, 0, 0, 0, 0, 8, 8, 48
"d:\codes\996ForCredit\20230803\_20230803-spring\src\main\java\com\tjetc\common\MyBean.java", "Java", 0, 0, 0, 8, 0, 0, 0, 0, 0, 0, 0, 0, 0, 0, 0, 0, 0, 0, 0, 3, 11
"d:\codes\996ForCredit\20230803\_20230803-spring\src\main\java\com\tjetc\controller\UserController.java", "Java", 0, 0, 0, 25, 0, 0, 0, 0, 0, 0, 0, 0, 0, 0, 0, 0, 0, 0, 4, 9, 38
"d:\codes\996ForCredit\20230803\_20230803-spring\src\main\java\com\tjetc\dao\UserDao.java", "Java", 0, 0, 0, 8, 0, 0, 0, 0, 0, 0, 0, 0, 0, 0, 0, 0, 0, 0, 0, 3, 11
"d:\codes\996ForCredit\20230803\_20230803-spring\src\main\java\com\tjetc\service\UserService.java", "Java", 0, 0, 0, 20, 0, 0, 0, 0, 0, 0, 0, 0, 0, 0, 0, 0, 0, 0, 4, 5, 29
"d:\codes\996ForCredit\20230803\_20230803-spring\src\main\resources\admin.properties", "Properties", 0, 0, 0, 0, 0, 0, 0, 0, 0, 0, 0, 0, 0, 0, 0, 2, 0, 0, 0, 0, 2
"d:\codes\996ForCredit\20230803\_20230803-spring\src\main\resources\spring.xml", "XML", 0, 0, 0, 0, 0, 0, 0, 0, 0, 0, 0, 13, 0, 0, 0, 0, 0, 0, 12, 0, 25
"d:\codes\996ForCredit\20230804\_20230804-springAOP\.idea\encodings.xml", "XML", 0, 0, 0, 0, 0, 0, 0, 0, 0, 0, 0, 8, 0, 0, 0, 0, 0, 0, 0, 0, 8
"d:\codes\996ForCredit\20230804\_20230804-springAOP\.idea\misc.xml", "XML", 0, 0, 0, 0, 0, 0, 0, 0, 0, 0, 0, 14, 0, 0, 0, 0, 0, 0, 0, 0, 14
"d:\codes\996ForCredit\20230804\_20230804-springAOP\.idea\uiDesigner.xml", "XML", 0, 0, 0, 0, 0, 0, 0, 0, 0, 0, 0, 124, 0, 0, 0, 0, 0, 0, 0, 0, 124
"d:\codes\996ForCredit\20230804\_20230804-springAOP\.idea\vcs.xml", "XML", 0, 0, 0, 0, 0, 0, 0, 0, 0, 0, 0, 6, 0, 0, 0, 0, 0, 0, 0, 0, 6
"d:\codes\996ForCredit\20230804\_20230804-springAOP\pom.xml", "XML", 0, 0, 0, 0, 0, 0, 0, 0, 0, 0, 0, 26, 0, 0, 0, 0, 0, 0, 2, 5, 33
"d:\codes\996ForCredit\20230804\_20230804-springAOP\src\main\java\com\tjetc\Test.java", "Java", 0, 0, 0, 15, 0, 0, 0, 0, 0, 0, 0, 0, 0, 0, 0, 0, 0, 0, 0, 2, 17
"d:\codes\996ForCredit\20230804\_20230804-springAOP\src\main\java\com\tjetc\aspects\AnnotationTransactionPrint.java", "Java", 0, 0, 0, 38, 0, 0, 0, 0, 0, 0, 0, 0, 0, 0, 0, 0, 0, 0, 26, 6, 70
"d:\codes\996ForCredit\20230804\_20230804-springAOP\src\main\java\com\tjetc\service\OrderService.java", "Java", 0, 0, 0, 21, 0, 0, 0, 0, 0, 0, 0, 0, 0, 0, 0, 0, 0, 0, 0, 6, 27
"d:\codes\996ForCredit\20230804\_20230804-springAOP\src\main\resources\applicationContext.xml", "XML", 0, 0, 0, 0, 0, 0, 0, 0, 0, 0, 0, 12, 0, 0, 0, 0, 0, 0, 2, 0, 14
"d:\codes\996ForCredit\20230804\_20230804-springmvc_\.idea\encodings.xml", "XML", 0, 0, 0, 0, 0, 0, 0, 0, 0, 0, 0, 8, 0, 0, 0, 0, 0, 0, 0, 0, 8
"d:\codes\996ForCredit\20230804\_20230804-springmvc_\.idea\misc.xml", "XML", 0, 0, 0, 0, 0, 0, 0, 0, 0, 0, 0, 13, 0, 0, 0, 0, 0, 0, 0, 0, 13
"d:\codes\996ForCredit\20230804\_20230804-springmvc_\.idea\vcs.xml", "XML", 0, 0, 0, 0, 0, 0, 0, 0, 0, 0, 0, 6, 0, 0, 0, 0, 0, 0, 0, 0, 6
"d:\codes\996ForCredit\20230804\_20230804-springmvc_\pom.xml", "XML", 0, 0, 0, 0, 0, 0, 0, 0, 0, 0, 0, 42, 0, 0, 0, 0, 0, 0, 0, 5, 47
"d:\codes\996ForCredit\20230804\_20230804-springmvc_\src\main\java\com\tjetc\controller\HelloController.java", "Java", 0, 0, 0, 28, 0, 0, 0, 0, 0, 0, 0, 0, 0, 0, 0, 0, 0, 0, 8, 6, 42
"d:\codes\996ForCredit\20230804\_20230804-springmvc_\src\main\java\com\tjetc\controller\LoginController.java", "Java", 0, 0, 0, 38, 0, 0, 0, 0, 0, 0, 0, 0, 0, 0, 0, 0, 0, 0, 7, 8, 53
"d:\codes\996ForCredit\20230804\_20230804-springmvc_\src\main\java\com\tjetc\model\params\UserParam.java", "Java", 0, 0, 0, 24, 0, 0, 0, 0, 0, 0, 0, 0, 0, 0, 0, 0, 0, 0, 0, 7, 31
"d:\codes\996ForCredit\20230804\_20230804-springmvc_\src\main\java\com\tjetc\model\views\UserView.java", "Java", 0, 0, 0, 32, 0, 0, 0, 0, 0, 0, 0, 0, 0, 0, 0, 0, 0, 0, 0, 9, 41
"d:\codes\996ForCredit\20230804\_20230804-springmvc_\src\main\resources\springmvc.xml", "XML", 0, 0, 0, 0, 0, 0, 0, 0, 0, 0, 0, 19, 0, 0, 0, 0, 0, 0, 6, 0, 25
"d:\codes\996ForCredit\20230804\_20230804-springmvc_\src\main\webapp\WEB-INF\web.xml", "XML", 0, 0, 0, 0, 0, 0, 0, 0, 0, 0, 0, 32, 0, 0, 0, 0, 0, 0, 8, 2, 42
"d:\codes\996ForCredit\20230804\_20230804-springmvc_\src\main\webapp\hello.jsp", "HTML", 16, 0, 0, 0, 0, 0, 0, 0, 0, 0, 0, 0, 0, 0, 0, 0, 0, 0, 0, 1, 17
"d:\codes\996ForCredit\20230804\_20230804-springmvc_\src\main\webapp\index.jsp", "HTML", 6, 0, 0, 0, 0, 0, 0, 0, 0, 0, 0, 0, 0, 0, 0, 0, 0, 0, 0, 1, 7
"d:\codes\996ForCredit\20230804\_20230804-springmvc_\src\main\webapp\login.jsp", "HTML", 20, 0, 0, 0, 0, 0, 0, 0, 0, 0, 0, 0, 0, 0, 0, 0, 0, 0, 0, 1, 21
"d:\codes\996ForCredit\20230804\_20230804-springmvc_\src\main\webapp\success.jsp", "HTML", 17, 0, 0, 0, 0, 0, 0, 0, 0, 0, 0, 0, 0, 0, 0, 0, 0, 0, 0, 1, 18
"d:\codes\996ForCredit\20230805\_202308085-springboot\.idea\encodings.xml", "XML", 0, 0, 0, 0, 0, 0, 0, 0, 0, 0, 0, 8, 0, 0, 0, 0, 0, 0, 0, 0, 8
"d:\codes\996ForCredit\20230805\_202308085-springboot\.idea\misc.xml", "XML", 0, 0, 0, 0, 0, 0, 0, 0, 0, 0, 0, 13, 0, 0, 0, 0, 0, 0, 0, 0, 13
"d:\codes\996ForCredit\20230805\_202308085-springboot\.idea\uiDesigner.xml", "XML", 0, 0, 0, 0, 0, 0, 0, 0, 0, 0, 0, 124, 0, 0, 0, 0, 0, 0, 0, 0, 124
"d:\codes\996ForCredit\20230805\_202308085-springboot\.idea\vcs.xml", "XML", 0, 0, 0, 0, 0, 0, 0, 0, 0, 0, 0, 6, 0, 0, 0, 0, 0, 0, 0, 0, 6
"d:\codes\996ForCredit\20230805\_202308085-springboot\pom.xml", "XML", 0, 0, 0, 0, 0, 0, 0, 0, 0, 0, 0, 34, 0, 0, 0, 0, 0, 0, 3, 3, 40
"d:\codes\996ForCredit\20230805\_202308085-springboot\src\main\java\com\tjetc\HelloApplication.java", "Java", 0, 0, 0, 9, 0, 0, 0, 0, 0, 0, 0, 0, 0, 0, 0, 0, 0, 0, 1, 3, 13
"d:\codes\996ForCredit\20230805\_202308085-springboot\src\main\java\com\tjetc\controller\HelloController.java", "Java", 0, 0, 0, 11, 0, 0, 0, 0, 0, 0, 0, 0, 0, 0, 0, 0, 0, 0, 0, 3, 14
"d:\codes\996ForCredit\20230805\_202308085-springboot\src\main\resources\application.properties", "Properties", 0, 0, 0, 0, 0, 0, 0, 0, 0, 0, 0, 0, 0, 0, 0, 2, 0, 0, 2, 1, 5
"d:\codes\996ForCredit\20230805\aaa.yaml", "YAML", 0, 0, 0, 0, 0, 0, 0, 0, 0, 0, 0, 0, 0, 0, 0, 0, 28, 0, 0, 7, 35
"d:\codes\996ForCredit\20230807\_20230807-springboot\.idea\encodings.xml", "XML", 0, 0, 0, 0, 0, 0, 0, 0, 0, 0, 0, 8, 0, 0, 0, 0, 0, 0, 0, 0, 8
"d:\codes\996ForCredit\20230807\_20230807-springboot\.idea\misc.xml", "XML", 0, 0, 0, 0, 0, 0, 0, 0, 0, 0, 0, 14, 0, 0, 0, 0, 0, 0, 0, 0, 14
"d:\codes\996ForCredit\20230807\_20230807-springboot\.idea\uiDesigner.xml", "XML", 0, 0, 0, 0, 0, 0, 0, 0, 0, 0, 0, 124, 0, 0, 0, 0, 0, 0, 0, 0, 124
"d:\codes\996ForCredit\20230807\_20230807-springboot\.idea\vcs.xml", "XML", 0, 0, 0, 0, 0, 0, 0, 0, 0, 0, 0, 6, 0, 0, 0, 0, 0, 0, 0, 0, 6
"d:\codes\996ForCredit\20230807\_20230807-springboot\pom.xml", "XML", 0, 0, 0, 0, 0, 0, 0, 0, 0, 0, 0, 39, 0, 0, 0, 0, 0, 0, 3, 6, 48
"d:\codes\996ForCredit\20230807\_20230807-springboot\src\main\java\com\tjetc\TestApplication.java", "Java", 0, 0, 0, 12, 0, 0, 0, 0, 0, 0, 0, 0, 0, 0, 0, 0, 0, 0, 1, 2, 15
"d:\codes\996ForCredit\20230807\_20230807-springboot\src\main\java\com\tjetc\common\ImageInfo.java", "Java", 0, 0, 0, 31, 0, 0, 0, 0, 0, 0, 0, 0, 0, 0, 0, 0, 0, 0, 1, 9, 41
"d:\codes\996ForCredit\20230807\_20230807-springboot\src\main\java\com\tjetc\config\AppConfig.java", "Java", 0, 0, 0, 21, 0, 0, 0, 0, 0, 0, 0, 0, 0, 0, 0, 0, 0, 0, 5, 4, 30
"d:\codes\996ForCredit\20230807\_20230807-springboot\src\main\java\com\tjetc\config\MyDataSource.java", "Java", 0, 0, 0, 48, 0, 0, 0, 0, 0, 0, 0, 0, 0, 0, 0, 0, 0, 0, 0, 12, 60
"d:\codes\996ForCredit\20230807\_20230807-springboot\src\main\java\com\tjetc\controller\StudentController.java", "Java", 0, 0, 0, 34, 0, 0, 0, 0, 0, 0, 0, 0, 0, 0, 0, 0, 0, 0, 1, 8, 43
"d:\codes\996ForCredit\20230807\_20230807-springboot\src\main\java\com\tjetc\controller\UserController.java", "Java", 0, 0, 0, 24, 0, 0, 0, 0, 0, 0, 0, 0, 0, 0, 0, 0, 0, 0, 0, 4, 28
"d:\codes\996ForCredit\20230807\_20230807-springboot\src\main\java\com\tjetc\entity\Book.java", "Java", 0, 0, 0, 26, 0, 0, 0, 0, 0, 0, 0, 0, 0, 0, 0, 0, 0, 0, 0, 8, 34
"d:\codes\996ForCredit\20230807\_20230807-springboot\src\main\java\com\tjetc\entity\MyClass.java", "Java", 0, 0, 0, 37, 0, 0, 0, 0, 0, 0, 0, 0, 0, 0, 0, 0, 0, 0, 1, 10, 48
"d:\codes\996ForCredit\20230807\_20230807-springboot\src\main\java\com\tjetc\entity\Student.java", "Java", 0, 0, 0, 75, 0, 0, 0, 0, 0, 0, 0, 0, 0, 0, 0, 0, 0, 0, 2, 19, 96
"d:\codes\996ForCredit\20230807\_20230807-springboot\src\main\java\com\tjetc\model\view\StudentAndMyClass.java", "Java", 0, 0, 0, 26, 0, 0, 0, 0, 0, 0, 0, 0, 0, 0, 0, 0, 0, 0, 0, 8, 34
"d:\codes\996ForCredit\20230807\_20230807-springboot\src\main\java\com\tjetc\service\UserService.java", "Java", 0, 0, 0, 6, 0, 0, 0, 0, 0, 0, 0, 0, 0, 0, 0, 0, 0, 0, 0, 4, 10
"d:\codes\996ForCredit\20230807\_20230807-springboot\src\main\java\com\tjetc\service\impl\UserServiceImpl.java", "Java", 0, 0, 0, 14, 0, 0, 0, 0, 0, 0, 0, 0, 0, 0, 0, 0, 0, 0, 0, 5, 19
"d:\codes\996ForCredit\20230807\_20230807-springboot\src\main\resources\application-dev.yml", "YAML", 0, 0, 0, 0, 0, 0, 0, 0, 0, 0, 0, 0, 0, 0, 0, 0, 18, 0, 1, 3, 22
"d:\codes\996ForCredit\20230807\_20230807-springboot\src\main\resources\application-prod.yml", "YAML", 0, 0, 0, 0, 0, 0, 0, 0, 0, 0, 0, 0, 0, 0, 0, 0, 18, 0, 1, 3, 22
"d:\codes\996ForCredit\20230807\_20230807-springboot\src\main\resources\application-test.yml", "YAML", 0, 0, 0, 0, 0, 0, 0, 0, 0, 0, 0, 0, 0, 0, 0, 0, 18, 0, 1, 3, 22
"d:\codes\996ForCredit\20230807\_20230807-springboot\src\main\resources\application.properties", "Properties", 0, 0, 0, 0, 0, 0, 0, 0, 0, 0, 0, 0, 0, 0, 0, 0, 0, 0, 10, 0, 10
"d:\codes\996ForCredit\20230807\_20230807-springboot\src\main\resources\db.properties", "Properties", 0, 0, 0, 0, 0, 0, 0, 0, 0, 0, 0, 0, 0, 0, 0, 4, 0, 0, 0, 0, 4
"d:\codes\996ForCredit\20230807\_20230807-springboot\src\main\resources\image.properties", "Properties", 0, 0, 0, 0, 0, 0, 0, 0, 0, 0, 0, 0, 0, 0, 0, 2, 0, 0, 0, 0, 2
"d:\codes\996ForCredit\20230807\springboot-mybatis\.idea\dataSources.xml", "XML", 0, 0, 0, 0, 0, 0, 0, 0, 0, 0, 0, 12, 0, 0, 0, 0, 0, 0, 0, 0, 12
"d:\codes\996ForCredit\20230807\springboot-mybatis\.idea\encodings.xml", "XML", 0, 0, 0, 0, 0, 0, 0, 0, 0, 0, 0, 8, 0, 0, 0, 0, 0, 0, 0, 0, 8
"d:\codes\996ForCredit\20230807\springboot-mybatis\.idea\misc.xml", "XML", 0, 0, 0, 0, 0, 0, 0, 0, 0, 0, 0, 14, 0, 0, 0, 0, 0, 0, 0, 0, 14
"d:\codes\996ForCredit\20230807\springboot-mybatis\.idea\uiDesigner.xml", "XML", 0, 0, 0, 0, 0, 0, 0, 0, 0, 0, 0, 124, 0, 0, 0, 0, 0, 0, 0, 0, 124
"d:\codes\996ForCredit\20230807\springboot-mybatis\.idea\vcs.xml", "XML", 0, 0, 0, 0, 0, 0, 0, 0, 0, 0, 0, 6, 0, 0, 0, 0, 0, 0, 0, 0, 6
"d:\codes\996ForCredit\20230807\springboot-mybatis\pom.xml", "XML", 0, 0, 0, 0, 0, 0, 0, 0, 0, 0, 0, 76, 0, 0, 0, 0, 0, 0, 9, 6, 91
"d:\codes\996ForCredit\20230807\springboot-mybatis\src\main\java\com\tjetc\SpringBootMybatisApplication.java", "Java", 0, 0, 0, 13, 0, 0, 0, 0, 0, 0, 0, 0, 0, 0, 0, 0, 0, 0, 1, 3, 17
"d:\codes\996ForCredit\20230807\springboot-mybatis\src\main\java\com\tjetc\advice\GlobalHandlerExceptionController.java", "Java", 0, 0, 0, 12, 0, 0, 0, 0, 0, 0, 0, 0, 0, 0, 0, 0, 0, 0, 4, 3, 19
"d:\codes\996ForCredit\20230807\springboot-mybatis\src\main\java\com\tjetc\common\FileUploadUtils.java", "Java", 0, 0, 0, 33, 0, 0, 0, 0, 0, 0, 0, 0, 0, 0, 0, 0, 0, 0, 27, 4, 64
"d:\codes\996ForCredit\20230807\springboot-mybatis\src\main\java\com\tjetc\common\ImageInfo.java", "Java", 0, 0, 0, 12, 0, 0, 0, 0, 0, 0, 0, 0, 0, 0, 0, 0, 0, 0, 0, 3, 15
"d:\codes\996ForCredit\20230807\springboot-mybatis\src\main\java\com\tjetc\common\JsonResult.java", "Java", 0, 0, 0, 13, 0, 0, 0, 0, 0, 0, 0, 0, 0, 0, 0, 0, 0, 0, 3, 3, 19
"d:\codes\996ForCredit\20230807\springboot-mybatis\src\main\java\com\tjetc\common\ScheduleDemo.java", "Java", 0, 0, 0, 10, 0, 0, 0, 0, 0, 0, 0, 0, 0, 0, 0, 0, 0, 0, 1, 3, 14
"d:\codes\996ForCredit\20230807\springboot-mybatis\src\main\java\com\tjetc\config\LoginInterceptorConfig.java", "Java", 0, 0, 0, 13, 0, 0, 0, 0, 0, 0, 0, 0, 0, 0, 0, 0, 0, 0, 7, 3, 23
"d:\codes\996ForCredit\20230807\springboot-mybatis\src\main\java\com\tjetc\config\MyWebMvcConfigurer.java", "Java", 0, 0, 0, 14, 0, 0, 0, 0, 0, 0, 0, 0, 0, 0, 0, 0, 0, 0, 12, 3, 29
"d:\codes\996ForCredit\20230807\springboot-mybatis\src\main\java\com\tjetc\config\RedisTemplateConfig.java", "Java", 0, 0, 0, 19, 0, 0, 0, 0, 0, 0, 0, 0, 0, 0, 0, 0, 0, 0, 4, 3, 26
"d:\codes\996ForCredit\20230807\springboot-mybatis\src\main\java\com\tjetc\controller\TestController.java", "Java", 0, 0, 0, 27, 0, 0, 0, 0, 0, 0, 0, 0, 0, 0, 0, 0, 0, 0, 0, 6, 33
"d:\codes\996ForCredit\20230807\springboot-mybatis\src\main\java\com\tjetc\controller\UploadController.java", "Java", 0, 0, 0, 30, 0, 0, 0, 0, 0, 0, 0, 0, 0, 0, 0, 0, 0, 0, 7, 9, 46
"d:\codes\996ForCredit\20230807\springboot-mybatis\src\main\java\com\tjetc\controller\UserController.java", "Java", 0, 0, 0, 86, 0, 0, 0, 0, 0, 0, 0, 0, 0, 0, 0, 0, 0, 0, 10, 13, 109
"d:\codes\996ForCredit\20230807\springboot-mybatis\src\main\java\com\tjetc\dao\AdminMapper.java", "Java", 0, 0, 0, 8, 0, 0, 0, 0, 0, 0, 0, 0, 0, 0, 0, 0, 0, 0, 0, 6, 14
"d:\codes\996ForCredit\20230807\springboot-mybatis\src\main\java\com\tjetc\dao\UserMapper.java", "Java", 0, 0, 0, 11, 0, 0, 0, 0, 0, 0, 0, 0, 0, 0, 0, 0, 0, 0, 0, 6, 17
"d:\codes\996ForCredit\20230807\springboot-mybatis\src\main\java\com\tjetc\entity\Admin.java", "Java", 0, 0, 0, 41, 0, 0, 0, 0, 0, 0, 0, 0, 0, 0, 0, 0, 0, 0, 3, 12, 56
"d:\codes\996ForCredit\20230807\springboot-mybatis\src\main\java\com\tjetc\entity\Person.java", "Java", 0, 0, 0, 8, 0, 0, 0, 0, 0, 0, 0, 0, 0, 0, 0, 0, 0, 0, 1, 5, 14
"d:\codes\996ForCredit\20230807\springboot-mybatis\src\main\java\com\tjetc\entity\User.java", "Java", 0, 0, 0, 8, 0, 0, 0, 0, 0, 0, 0, 0, 0, 0, 0, 0, 0, 0, 2, 3, 13
"d:\codes\996ForCredit\20230807\springboot-mybatis\src\main\java\com\tjetc\enums\EnumSex.java", "Java", 0, 0, 0, 26, 0, 0, 0, 0, 0, 0, 0, 0, 0, 0, 0, 0, 0, 0, 7, 7, 40
"d:\codes\996ForCredit\20230807\springboot-mybatis\src\main\java\com\tjetc\interceptors\LoginInterceptor.java", "Java", 0, 0, 0, 23, 0, 0, 0, 0, 0, 0, 0, 0, 0, 0, 0, 0, 0, 0, 7, 4, 34
"d:\codes\996ForCredit\20230807\springboot-mybatis\src\main\java\com\tjetc\service\UserService.java", "Java", 0, 0, 0, 17, 0, 0, 0, 0, 0, 0, 0, 0, 0, 0, 0, 0, 0, 0, 0, 8, 25
"d:\codes\996ForCredit\20230807\springboot-mybatis\src\main\java\com\tjetc\service\impl\UserServiceImpl.java", "Java", 0, 0, 0, 84, 0, 0, 0, 0, 0, 0, 0, 0, 0, 0, 0, 0, 0, 0, 17, 17, 118
"d:\codes\996ForCredit\20230807\springboot-mybatis\src\main\resources\admin.properties", "Properties", 0, 0, 0, 0, 0, 0, 0, 0, 0, 0, 0, 0, 0, 0, 0, 1, 0, 0, 0, 0, 1
"d:\codes\996ForCredit\20230807\springboot-mybatis\src\main\resources\application.yml", "YAML", 0, 0, 0, 0, 0, 0, 0, 0, 0, 0, 0, 0, 0, 0, 0, 0, 18, 0, 3, 3, 24
"d:\codes\996ForCredit\20230807\springboot-mybatis\src\main\resources\mapper\AdminMapper.xml", "XML", 0, 0, 0, 0, 0, 0, 0, 0, 0, 0, 0, 20, 0, 0, 0, 0, 0, 0, 4, 2, 26
"d:\codes\996ForCredit\20230807\springboot-mybatis\src\main\resources\mapper\UserMapper.xml", "XML", 0, 0, 0, 0, 0, 0, 0, 0, 0, 0, 0, 29, 0, 0, 0, 0, 0, 0, 0, 2, 31
"d:\codes\996ForCredit\20230807\springboot-mybatis\src\test\java\com\tjetc\MyTest.java", "Java", 0, 0, 0, 64, 0, 0, 0, 0, 0, 0, 0, 0, 0, 0, 0, 0, 0, 0, 8, 9, 81
"d:\codes\996ForCredit\20230807\springboot-mybatis\src\test\java\com\tjetc\Test2.java", "Java", 0, 0, 0, 22, 0, 0, 0, 0, 0, 0, 0, 0, 0, 0, 0, 0, 0, 0, 1, 4, 27
"d:\codes\996ForCredit\20230809\20230809-front\1.html", "HTML", 43, 0, 0, 0, 0, 0, 0, 0, 0, 0, 0, 0, 0, 0, 0, 0, 0, 0, 5, 5, 53
"d:\codes\996ForCredit\20230809\20230809-front\templete-vue.html", "HTML", 12, 0, 0, 0, 0, 0, 0, 0, 0, 0, 0, 0, 0, 0, 0, 0, 0, 0, 1, 5, 18
"d:\codes\996ForCredit\20230810\20230810-front\1.html", "HTML", 75, 0, 0, 0, 0, 0, 0, 0, 0, 0, 0, 0, 0, 0, 0, 0, 0, 0, 9, 4, 88
"d:\codes\996ForCredit\20230810\20230810-front\10.html", "HTML", 45, 0, 0, 0, 0, 0, 0, 0, 0, 0, 0, 0, 0, 0, 0, 0, 0, 0, 1, 5, 51
"d:\codes\996ForCredit\20230810\20230810-front\2.html", "HTML", 51, 0, 0, 0, 0, 0, 0, 0, 0, 0, 0, 0, 0, 0, 0, 0, 0, 0, 5, 6, 62
"d:\codes\996ForCredit\20230810\20230810-front\3.html", "HTML", 35, 0, 0, 0, 0, 0, 0, 0, 0, 0, 0, 0, 0, 0, 0, 0, 0, 0, 7, 4, 46
"d:\codes\996ForCredit\20230810\20230810-front\4.html", "HTML", 36, 0, 0, 0, 0, 0, 0, 0, 0, 0, 0, 0, 0, 0, 0, 0, 0, 0, 1, 4, 41
"d:\codes\996ForCredit\20230810\20230810-front\5.html", "HTML", 74, 0, 0, 0, 0, 0, 0, 0, 0, 0, 0, 0, 0, 0, 0, 0, 0, 0, 4, 6, 84
"d:\codes\996ForCredit\20230810\20230810-front\6.html", "HTML", 65, 0, 0, 0, 0, 0, 0, 0, 0, 0, 0, 0, 0, 0, 0, 0, 0, 0, 2, 7, 74
"d:\codes\996ForCredit\20230810\20230810-front\7.html", "HTML", 72, 0, 0, 0, 0, 0, 0, 0, 0, 0, 0, 0, 0, 0, 0, 0, 0, 0, 1, 8, 81
"d:\codes\996ForCredit\20230810\20230810-front\8.html", "HTML", 63, 0, 0, 0, 0, 0, 0, 0, 0, 0, 0, 0, 0, 0, 0, 0, 0, 0, 1, 6, 70
"d:\codes\996ForCredit\20230810\20230810-front\9.html", "HTML", 57, 0, 0, 0, 0, 0, 0, 0, 0, 0, 0, 0, 0, 0, 0, 0, 0, 0, 1, 5, 63
"d:\codes\996ForCredit\20230810\20230810-front\templete-vue.html", "HTML", 22, 0, 0, 0, 0, 0, 0, 0, 0, 0, 0, 0, 0, 0, 0, 0, 0, 0, 1, 6, 29
"d:\codes\996ForCredit\20230811\helloworld\README.md", "Markdown", 0, 15, 0, 0, 0, 0, 0, 0, 0, 0, 0, 0, 0, 0, 0, 0, 0, 0, 0, 5, 20
"d:\codes\996ForCredit\20230811\helloworld\babel.config.js", "JavaScript", 0, 0, 5, 0, 0, 0, 0, 0, 0, 0, 0, 0, 0, 0, 0, 0, 0, 0, 0, 1, 6
"d:\codes\996ForCredit\20230811\helloworld\jsconfig.json", "JSON with Comments", 0, 0, 0, 0, 0, 0, 8, 0, 0, 0, 0, 0, 0, 0, 0, 0, 0, 0, 12, 0, 20
"d:\codes\996ForCredit\20230811\helloworld\package-lock.json", "JSON", 0, 0, 0, 0, 10114, 0, 0, 0, 0, 0, 0, 0, 0, 0, 0, 0, 0, 0, 0, 1, 10115
"d:\codes\996ForCredit\20230811\helloworld\package.json", "JSON", 0, 0, 0, 0, 27, 0, 0, 0, 0, 0, 0, 0, 0, 0, 0, 0, 0, 0, 0, 1, 28
"d:\codes\996ForCredit\20230811\helloworld\public\index.html", "HTML", 19, 0, 0, 0, 0, 0, 0, 0, 0, 0, 0, 0, 0, 0, 0, 0, 0, 0, 1, 3, 23
"d:\codes\996ForCredit\20230811\helloworld\src\App.vue", "vue", 0, 0, 0, 0, 0, 0, 0, 0, 30, 0, 0, 0, 0, 0, 0, 0, 0, 0, 3, 5, 38
"d:\codes\996ForCredit\20230811\helloworld\src\api\user.js", "JavaScript", 0, 0, 44, 0, 0, 0, 0, 0, 0, 0, 0, 0, 0, 0, 0, 0, 0, 0, 7, 6, 57
"d:\codes\996ForCredit\20230811\helloworld\src\components\ComponentA.vue", "vue", 0, 0, 0, 0, 0, 0, 0, 0, 33, 0, 0, 0, 0, 0, 0, 0, 0, 0, 13, 9, 55
"d:\codes\996ForCredit\20230811\helloworld\src\components\GlobalComponentA.vue", "vue", 0, 0, 0, 0, 0, 0, 0, 0, 8, 0, 0, 0, 0, 0, 0, 0, 0, 0, 16, 4, 28
"d:\codes\996ForCredit\20230811\helloworld\src\components\HelloWorld.vue", "vue", 0, 0, 0, 0, 0, 0, 0, 0, 8, 0, 0, 0, 0, 0, 0, 0, 0, 0, 13, 5, 26
"d:\codes\996ForCredit\20230811\helloworld\src\main.js", "JavaScript", 0, 0, 11, 0, 0, 0, 0, 0, 0, 0, 0, 0, 0, 0, 0, 0, 0, 0, 6, 2, 19
"d:\codes\996ForCredit\20230811\helloworld\src\router\index.js", "JavaScript", 0, 0, 90, 0, 0, 0, 0, 0, 0, 0, 0, 0, 0, 0, 0, 0, 0, 0, 6, 3, 99
"d:\codes\996ForCredit\20230811\helloworld\src\store\index.js", "JavaScript", 0, 0, 43, 0, 0, 0, 0, 0, 0, 0, 0, 0, 0, 0, 0, 0, 0, 0, 12, 2, 57
"d:\codes\996ForCredit\20230811\helloworld\src\store\user\index.js", "JavaScript", 0, 0, 28, 0, 0, 0, 0, 0, 0, 0, 0, 0, 0, 0, 0, 0, 0, 0, 0, 1, 29
"d:\codes\996ForCredit\20230811\helloworld\src\utils\request.js", "JavaScript", 0, 0, 52, 0, 0, 0, 0, 0, 0, 0, 0, 0, 0, 0, 0, 0, 0, 0, 25, 6, 83
"d:\codes\996ForCredit\20230811\helloworld\src\views\AboutView.vue", "vue", 0, 0, 0, 0, 0, 0, 0, 0, 5, 0, 0, 0, 0, 0, 0, 0, 0, 0, 4, 1, 10
"d:\codes\996ForCredit\20230811\helloworld\src\views\HomeView.vue", "vue", 0, 0, 0, 0, 0, 0, 0, 0, 27, 0, 0, 0, 0, 0, 0, 0, 0, 0, 17, 5, 49
"d:\codes\996ForCredit\20230811\helloworld\src\views\Login.vue", "vue", 0, 0, 0, 0, 0, 0, 0, 0, 26, 0, 0, 0, 0, 0, 0, 0, 0, 0, 0, 2, 28
"d:\codes\996ForCredit\20230811\helloworld\src\views\Main.vue", "vue", 0, 0, 0, 0, 0, 0, 0, 0, 16, 0, 0, 0, 0, 0, 0, 0, 0, 0, 0, 4, 20
"d:\codes\996ForCredit\20230811\helloworld\src\views\Message.vue", "vue", 0, 0, 0, 0, 0, 0, 0, 0, 16, 0, 0, 0, 0, 0, 0, 0, 0, 0, 0, 4, 20
"d:\codes\996ForCredit\20230811\helloworld\src\views\Mine.vue", "vue", 0, 0, 0, 0, 0, 0, 0, 0, 16, 0, 0, 0, 0, 0, 0, 0, 0, 0, 0, 4, 20
"d:\codes\996ForCredit\20230811\helloworld\src\views\MyElement.vue", "vue", 0, 0, 0, 0, 0, 0, 0, 0, 43, 0, 0, 0, 0, 0, 0, 0, 0, 0, 0, 2, 45
"d:\codes\996ForCredit\20230811\helloworld\src\views\MyHome.vue", "vue", 0, 0, 0, 0, 0, 0, 0, 0, 40, 0, 0, 0, 0, 0, 0, 0, 0, 0, 5, 3, 48
"d:\codes\996ForCredit\20230811\helloworld\src\views\MyImage.vue", "vue", 0, 0, 0, 0, 0, 0, 0, 0, 44, 0, 0, 0, 0, 0, 0, 0, 0, 0, 2, 5, 51
"d:\codes\996ForCredit\20230811\helloworld\src\views\MyLogin.vue", "vue", 0, 0, 0, 0, 0, 0, 0, 0, 68, 0, 0, 0, 0, 0, 0, 0, 0, 0, 1, 4, 73
"d:\codes\996ForCredit\20230811\helloworld\src\views\MyStore.vue", "vue", 0, 0, 0, 0, 0, 0, 0, 0, 39, 0, 0, 0, 0, 0, 0, 0, 0, 0, 0, 5, 44
"d:\codes\996ForCredit\20230811\helloworld\src\views\MyStore1.vue", "vue", 0, 0, 0, 0, 0, 0, 0, 0, 18, 0, 0, 0, 0, 0, 0, 0, 0, 0, 0, 2, 20
"d:\codes\996ForCredit\20230811\helloworld\src\views\MyUsers.vue", "vue", 0, 0, 0, 0, 0, 0, 0, 0, 48, 0, 0, 0, 0, 0, 0, 0, 0, 0, 0, 6, 54
"d:\codes\996ForCredit\20230811\helloworld\src\views\Register.vue", "vue", 0, 0, 0, 0, 0, 0, 0, 0, 32, 0, 0, 0, 0, 0, 0, 0, 0, 0, 0, 2, 34
"d:\codes\996ForCredit\20230811\helloworld\src\views\Student.vue", "vue", 0, 0, 0, 0, 0, 0, 0, 0, 133, 0, 0, 0, 0, 0, 0, 0, 0, 0, 0, 10, 143
"d:\codes\996ForCredit\20230811\helloworld\vue.config.js", "JavaScript", 0, 0, 19, 0, 0, 0, 0, 0, 0, 0, 0, 0, 0, 0, 0, 0, 0, 0, 8, 1, 28
"d:\codes\996ForCredit\README.md", "Markdown", 0, 1, 0, 0, 0, 0, 0, 0, 0, 0, 0, 0, 0, 0, 0, 0, 0, 0, 0, 2, 3
"d:\codes\996ForCredit\final_project\383ONPBqLwJeW\README.md", "Markdown", 0, 59, 0, 0, 0, 0, 0, 0, 0, 0, 0, 0, 0, 0, 0, 0, 0, 0, 0, 34, 93
"d:\codes\996ForCredit\final_project\383ONPBqLwJeW\docs\drawio\业务流程图.drawio", "Draw.io", 0, 0, 0, 0, 0, 0, 0, 0, 0, 0, 0, 0, 0, 0, 164, 0, 0, 0, 0, 1, 165
"d:\codes\996ForCredit\final_project\383ONPBqLwJeW\docs\drawio\库存管理用例图.drawio", "Draw.io", 0, 0, 0, 0, 0, 0, 0, 0, 0, 0, 0, 0, 0, 0, 31, 0, 0, 0, 0, 0, 31
"d:\codes\996ForCredit\final_project\383ONPBqLwJeW\docs\drawio\用户登录用例图.drawio", "Draw.io", 0, 0, 0, 0, 0, 0, 0, 0, 0, 0, 0, 0, 0, 0, 28, 0, 0, 0, 0, 0, 28
"d:\codes\996ForCredit\final_project\383ONPBqLwJeW\docs\drawio\进货管理用例图.drawio", "Draw.io", 0, 0, 0, 0, 0, 0, 0, 0, 0, 0, 0, 0, 0, 0, 37, 0, 0, 0, 0, 1, 38
"d:\codes\996ForCredit\final_project\383ONPBqLwJeW\docs\drawio\销售管理用例图.drawio", "Draw.io", 0, 0, 0, 0, 0, 0, 0, 0, 0, 0, 0, 0, 0, 0, 46, 0, 0, 0, 0, 0, 46
"d:\codes\996ForCredit\final_project\383ONPBqLwJeW\docs\imgs\业务流程图.svg", "XML", 0, 0, 0, 0, 0, 0, 0, 0, 0, 0, 0, 1, 0, 0, 0, 0, 0, 0, 0, 0, 1
"d:\codes\996ForCredit\final_project\383ONPBqLwJeW\docs\imgs\库存管理用例图.svg", "XML", 0, 0, 0, 0, 0, 0, 0, 0, 0, 0, 0, 1, 0, 0, 0, 0, 0, 0, 0, 0, 1
"d:\codes\996ForCredit\final_project\383ONPBqLwJeW\docs\imgs\进货管理用例图.svg", "XML", 0, 0, 0, 0, 0, 0, 0, 0, 0, 0, 0, 1, 0, 0, 0, 0, 0, 0, 0, 0, 1
"d:\codes\996ForCredit\final_project\383ONPBqLwJeW\docs\imgs\销售管理用例图.svg", "XML", 0, 0, 0, 0, 0, 0, 0, 0, 0, 0, 0, 1, 0, 0, 0, 0, 0, 0, 0, 0, 1
"d:\codes\996ForCredit\final_project\383ONPBqLwJeW\docs\requirements_analysis\0_需求分析流程总结.md", "Markdown", 0, 6, 0, 0, 0, 0, 0, 0, 0, 0, 0, 0, 0, 0, 0, 0, 0, 0, 0, 0, 6
"d:\codes\996ForCredit\final_project\383ONPBqLwJeW\docs\requirements_analysis\1_需求获取\0_需求获取流程总结.md", "Markdown", 0, 6, 0, 0, 0, 0, 0, 0, 0, 0, 0, 0, 0, 0, 0, 0, 0, 0, 0, 0, 6
"d:\codes\996ForCredit\final_project\383ONPBqLwJeW\docs\requirements_analysis\1_需求获取\1_需求获取.md", "Markdown", 0, 52, 0, 0, 0, 0, 0, 0, 0, 0, 0, 0, 0, 0, 0, 0, 0, 0, 0, 3, 55
"d:\codes\996ForCredit\final_project\383ONPBqLwJeW\docs\requirements_analysis\1_需求获取\一般超市业务流程.md", "Markdown", 0, 19, 0, 0, 0, 0, 0, 0, 0, 0, 0, 0, 0, 0, 0, 0, 0, 0, 0, 0, 19
"d:\codes\996ForCredit\final_project\383ONPBqLwJeW\docs\requirements_analysis\2_分析需求信息\0_分析需求信息流程总结.md", "Markdown", 0, 0, 0, 0, 0, 0, 0, 0, 0, 0, 0, 0, 0, 0, 0, 0, 0, 0, 0, 1, 1
"d:\codes\996ForCredit\final_project\383ONPBqLwJeW\docs\requirements_analysis\2_分析需求信息\2_分析需求信息.md", "Markdown", 0, 30, 0, 0, 0, 0, 0, 0, 0, 0, 0, 0, 0, 0, 0, 0, 0, 0, 0, 14, 44
"d:\codes\996ForCredit\final_project\383ONPBqLwJeW\docs\requirements_analysis\3_编写PRD\3_PRD（草稿）.md", "Markdown", 0, 23, 0, 0, 0, 0, 0, 0, 0, 0, 0, 0, 0, 0, 0, 0, 0, 0, 0, 11, 34
"d:\codes\996ForCredit\final_project\383ONPBqLwJeW\docs\requirements_analysis\3_编写PRD\PRD2.md", "Markdown", 0, 55, 0, 0, 0, 0, 0, 0, 0, 0, 0, 0, 0, 0, 0, 0, 0, 0, 0, 42, 97
"d:\codes\996ForCredit\final_project\383ONPBqLwJeW\docs\requirements_analysis\4_PRD评审\4_PRD评审报告.md", "Markdown", 0, 13, 0, 0, 0, 0, 0, 0, 0, 0, 0, 0, 0, 0, 0, 0, 0, 0, 0, 12, 25
"d:\codes\996ForCredit\final_project\383ONPBqLwJeW\docs\requirements_analysis\PRD.html", "HTML", 526, 0, 0, 0, 0, 0, 0, 0, 0, 0, 0, 0, 0, 0, 0, 0, 0, 0, 0, 8, 534
"d:\codes\996ForCredit\final_project\383ONPBqLwJeW\docs\requirements_analysis\超市商品管理系统PRDv1.0.md", "Markdown", 0, 334, 0, 0, 0, 0, 0, 0, 0, 0, 0, 0, 0, 0, 0, 0, 0, 0, 0, 128, 462
"d:\codes\996ForCredit\final_project\383ONPBqLwJeW\east_wind-front\.VSCodeCounter\2023-08-21_16-03-19\details.md", "Markdown", 0, 237, 0, 0, 0, 0, 0, 0, 0, 0, 0, 0, 0, 0, 0, 0, 0, 0, 0, 6, 243
"d:\codes\996ForCredit\final_project\383ONPBqLwJeW\east_wind-front\.VSCodeCounter\2023-08-21_16-03-19\diff-details.md", "Markdown", 0, 9, 0, 0, 0, 0, 0, 0, 0, 0, 0, 0, 0, 0, 0, 0, 0, 0, 0, 6, 15
"d:\codes\996ForCredit\final_project\383ONPBqLwJeW\east_wind-front\.VSCodeCounter\2023-08-21_16-03-19\diff.md", "Markdown", 0, 12, 0, 0, 0, 0, 0, 0, 0, 0, 0, 0, 0, 0, 0, 0, 0, 0, 0, 7, 19
"d:\codes\996ForCredit\final_project\383ONPBqLwJeW\east_wind-front\.VSCodeCounter\2023-08-21_16-03-19\results.json", "JSON", 0, 0, 0, 0, 1, 0, 0, 0, 0, 0, 0, 0, 0, 0, 0, 0, 0, 0, 0, 0, 1
"d:\codes\996ForCredit\final_project\383ONPBqLwJeW\east_wind-front\.VSCodeCounter\2023-08-21_16-03-19\results.md", "Markdown", 0, 81, 0, 0, 0, 0, 0, 0, 0, 0, 0, 0, 0, 0, 0, 0, 0, 0, 0, 7, 88
"d:\codes\996ForCredit\final_project\383ONPBqLwJeW\east_wind-front\.eslintrc.json", "JSON with Comments", 0, 0, 0, 0, 0, 0, 4, 0, 0, 0, 0, 0, 0, 0, 0, 0, 0, 0, 0, 1, 5
"d:\codes\996ForCredit\final_project\383ONPBqLwJeW\east_wind-front\.prettierignore", "Ignore", 0, 0, 0, 0, 0, 0, 0, 0, 0, 0, 0, 0, 0, 9, 0, 0, 0, 0, 1, 0, 10
"d:\codes\996ForCredit\final_project\383ONPBqLwJeW\east_wind-front\.prettierrc", "JSON", 0, 0, 0, 0, 10, 0, 0, 0, 0, 0, 0, 0, 0, 0, 0, 0, 0, 0, 0, 0, 10
"d:\codes\996ForCredit\final_project\383ONPBqLwJeW\east_wind-front\README.md", "Markdown", 0, 11, 0, 0, 0, 0, 0, 0, 0, 0, 0, 0, 0, 0, 0, 0, 0, 0, 0, 8, 19
"d:\codes\996ForCredit\final_project\383ONPBqLwJeW\east_wind-front\eslintrc\.eslintrc-auto-import.json", "JSON", 0, 0, 0, 0, 123, 0, 0, 0, 0, 0, 0, 0, 0, 0, 0, 0, 0, 0, 0, 1, 124
"d:\codes\996ForCredit\final_project\383ONPBqLwJeW\east_wind-front\eslintrc\eslint-config.js", "JavaScript", 0, 0, 167, 0, 0, 0, 0, 0, 0, 0, 0, 0, 0, 0, 0, 0, 0, 0, 28, 7, 202
"d:\codes\996ForCredit\final_project\383ONPBqLwJeW\east_wind-front\index.html", "HTML", 19, 0, 0, 0, 0, 0, 0, 0, 0, 0, 0, 0, 0, 0, 0, 0, 0, 0, 0, 1, 20
"d:\codes\996ForCredit\final_project\383ONPBqLwJeW\east_wind-front\package.json", "JSON", 0, 0, 0, 0, 46, 0, 0, 0, 0, 0, 0, 0, 0, 0, 0, 0, 0, 0, 0, 1, 47
"d:\codes\996ForCredit\final_project\383ONPBqLwJeW\east_wind-front\src\App.vue", "vue", 0, 0, 0, 0, 0, 0, 0, 0, 43, 0, 0, 0, 0, 0, 0, 0, 0, 0, 0, 6, 49
"d:\codes\996ForCredit\final_project\383ONPBqLwJeW\east_wind-front\src\api\dataAuth.js", "JavaScript", 0, 0, 28, 0, 0, 0, 0, 0, 0, 0, 0, 0, 0, 0, 0, 0, 0, 0, 6, 2, 36
"d:\codes\996ForCredit\final_project\383ONPBqLwJeW\east_wind-front\src\api\dept.js", "JavaScript", 0, 0, 42, 0, 0, 0, 0, 0, 0, 0, 0, 0, 0, 0, 0, 0, 0, 0, 16, 7, 65
"d:\codes\996ForCredit\final_project\383ONPBqLwJeW\east_wind-front\src\api\dict.js", "JavaScript", 0, 0, 49, 0, 0, 0, 0, 0, 0, 0, 0, 0, 0, 0, 0, 0, 0, 0, 17, 8, 74
"d:\codes\996ForCredit\final_project\383ONPBqLwJeW\east_wind-front\src\api\dictData.js", "JavaScript", 0, 0, 49, 0, 0, 0, 0, 0, 0, 0, 0, 0, 0, 0, 0, 0, 0, 0, 17, 8, 74
"d:\codes\996ForCredit\final_project\383ONPBqLwJeW\east_wind-front\src\api\loginInfo.js", "JavaScript", 0, 0, 40, 0, 0, 0, 0, 0, 0, 0, 0, 0, 0, 0, 0, 0, 0, 0, 7, 7, 54
"d:\codes\996ForCredit\final_project\383ONPBqLwJeW\east_wind-front\src\api\menu.js", "JavaScript", 0, 0, 48, 0, 0, 0, 0, 0, 0, 0, 0, 0, 0, 0, 0, 0, 0, 0, 9, 6, 63
"d:\codes\996ForCredit\final_project\383ONPBqLwJeW\east_wind-front\src\api\operatorLog.js", "JavaScript", 0, 0, 28, 0, 0, 0, 0, 0, 0, 0, 0, 0, 0, 0, 0, 0, 0, 0, 5, 7, 40
"d:\codes\996ForCredit\final_project\383ONPBqLwJeW\east_wind-front\src\api\post.js", "JavaScript", 0, 0, 48, 0, 0, 0, 0, 0, 0, 0, 0, 0, 0, 0, 0, 0, 0, 0, 17, 8, 73
"d:\codes\996ForCredit\final_project\383ONPBqLwJeW\east_wind-front\src\api\remote-search.js", "JavaScript", 0, 0, 15, 0, 0, 0, 0, 0, 0, 0, 0, 0, 0, 0, 0, 0, 0, 0, 0, 3, 18
"d:\codes\996ForCredit\final_project\383ONPBqLwJeW\east_wind-front\src\api\role.js", "JavaScript", 0, 0, 120, 0, 0, 0, 0, 0, 0, 0, 0, 0, 0, 0, 0, 0, 0, 0, 19, 15, 154
"d:\codes\996ForCredit\final_project\383ONPBqLwJeW\east_wind-front\src\api\system\dict\data.js", "JavaScript", 0, 0, 40, 0, 0, 0, 0, 0, 0, 0, 0, 0, 0, 0, 0, 0, 0, 0, 6, 7, 53
"d:\codes\996ForCredit\final_project\383ONPBqLwJeW\east_wind-front\src\api\system\dict\type.js", "JavaScript", 0, 0, 46, 0, 0, 0, 0, 0, 0, 0, 0, 0, 0, 0, 0, 0, 0, 0, 7, 8, 61
"d:\codes\996ForCredit\final_project\383ONPBqLwJeW\east_wind-front\src\api\user.js", "JavaScript", 0, 0, 161, 0, 0, 0, 0, 0, 0, 0, 0, 0, 0, 0, 0, 0, 0, 0, 22, 19, 202
"d:\codes\996ForCredit\final_project\383ONPBqLwJeW\east_wind-front\src\assets\layout\login-bg.svg", "XML", 0, 0, 0, 0, 0, 0, 0, 0, 0, 0, 0, 1, 0, 0, 0, 0, 0, 0, 0, 0, 1
"d:\codes\996ForCredit\final_project\383ONPBqLwJeW\east_wind-front\src\assets\layout\login-front.svg", "XML", 0, 0, 0, 0, 0, 0, 0, 0, 0, 0, 0, 6, 0, 0, 0, 0, 0, 0, 0, 1, 7
"d:\codes\996ForCredit\final_project\383ONPBqLwJeW\east_wind-front\src\assets\layout\login-top.svg", "XML", 0, 0, 0, 0, 0, 0, 0, 0, 0, 0, 0, 21, 0, 0, 0, 0, 0, 0, 0, 1, 22
"d:\codes\996ForCredit\final_project\383ONPBqLwJeW\east_wind-front\src\assets\layout\login.svg", "XML", 0, 0, 0, 0, 0, 0, 0, 0, 0, 0, 0, 1, 0, 0, 0, 0, 0, 0, 0, 0, 1
"d:\codes\996ForCredit\final_project\383ONPBqLwJeW\east_wind-front\src\components\ColumnFilter.vue", "vue", 0, 0, 0, 0, 0, 0, 0, 0, 67, 0, 0, 0, 0, 0, 0, 0, 0, 0, 0, 9, 76
"d:\codes\996ForCredit\final_project\383ONPBqLwJeW\east_wind-front\src\components\DictTag.vue", "vue", 0, 0, 0, 0, 0, 0, 0, 0, 49, 0, 0, 0, 0, 0, 0, 0, 0, 0, 0, 4, 53
"d:\codes\996ForCredit\final_project\383ONPBqLwJeW\east_wind-front\src\components\ElSvgIcon.vue", "vue", 0, 0, 0, 0, 0, 0, 0, 0, 34, 0, 0, 0, 0, 0, 0, 0, 0, 0, 0, 3, 37
"d:\codes\996ForCredit\final_project\383ONPBqLwJeW\east_wind-front\src\components\InnerLink\index.vue", "vue", 0, 0, 0, 0, 0, 0, 0, 0, 17, 0, 0, 0, 0, 0, 0, 0, 0, 0, 0, 3, 20
"d:\codes\996ForCredit\final_project\383ONPBqLwJeW\east_wind-front\src\components\JsonInput.vue", "vue", 0, 0, 0, 0, 0, 0, 0, 0, 35, 0, 0, 0, 0, 0, 0, 0, 0, 0, 0, 8, 43
"d:\codes\996ForCredit\final_project\383ONPBqLwJeW\east_wind-front\src\components\Pagination\index.vue", "vue", 0, 0, 0, 0, 0, 0, 0, 0, 100, 0, 0, 0, 0, 0, 0, 0, 0, 0, 0, 4, 104
"d:\codes\996ForCredit\final_project\383ONPBqLwJeW\east_wind-front\src\components\ParentView\index.vue", "vue", 0, 0, 0, 0, 0, 0, 0, 0, 3, 0, 0, 0, 0, 0, 0, 0, 0, 0, 0, 1, 4
"d:\codes\996ForCredit\final_project\383ONPBqLwJeW\east_wind-front\src\components\RightToolBar.vue", "vue", 0, 0, 0, 0, 0, 0, 0, 0, 93, 0, 0, 0, 0, 0, 0, 0, 0, 0, 0, 11, 104
"d:\codes\996ForCredit\final_project\383ONPBqLwJeW\east_wind-front\src\components\RightToolbar\index.vue", "vue", 0, 0, 0, 0, 0, 0, 0, 0, 95, 0, 0, 0, 0, 0, 0, 0, 0, 0, 0, 12, 107
"d:\codes\996ForCredit\final_project\383ONPBqLwJeW\east_wind-front\src\components\TestUnit.vue", "vue", 0, 0, 0, 0, 0, 0, 0, 0, 13, 0, 0, 0, 0, 0, 0, 0, 0, 0, 0, 3, 16
"d:\codes\996ForCredit\final_project\383ONPBqLwJeW\east_wind-front\src\components\__tests__\el-svgIcon.test.jsx", "JavaScript JSX", 0, 0, 0, 0, 0, 0, 0, 0, 0, 0, 0, 0, 10, 0, 0, 0, 0, 0, 219, 8, 237
"d:\codes\996ForCredit\final_project\383ONPBqLwJeW\east_wind-front\src\directives\example\clickoutside.js", "JavaScript", 0, 0, 19, 0, 0, 0, 0, 0, 0, 0, 0, 0, 0, 0, 0, 0, 0, 0, 0, 3, 22
"d:\codes\996ForCredit\final_project\383ONPBqLwJeW\east_wind-front\src\directives\example\copy.js", "JavaScript", 0, 0, 25, 0, 0, 0, 0, 0, 0, 0, 0, 0, 0, 0, 0, 0, 0, 0, 5, 2, 32
"d:\codes\996ForCredit\final_project\383ONPBqLwJeW\east_wind-front\src\directives\example\debounce.js", "JavaScript", 0, 0, 21, 0, 0, 0, 0, 0, 0, 0, 0, 0, 0, 0, 0, 0, 0, 0, 5, 1, 27
"d:\codes\996ForCredit\final_project\383ONPBqLwJeW\east_wind-front\src\directives\example\longpress.js", "JavaScript", 0, 0, 35, 0, 0, 0, 0, 0, 0, 0, 0, 0, 0, 0, 0, 0, 0, 0, 10, 1, 46
"d:\codes\996ForCredit\final_project\383ONPBqLwJeW\east_wind-front\src\directives\example\watermark.js", "JavaScript", 0, 0, 21, 0, 0, 0, 0, 0, 0, 0, 0, 0, 0, 0, 0, 0, 0, 0, 5, 3, 29
"d:\codes\996ForCredit\final_project\383ONPBqLwJeW\east_wind-front\src\directives\example\waves.css", "CSS", 0, 0, 0, 0, 0, 0, 0, 0, 0, 0, 25, 0, 0, 0, 0, 0, 0, 0, 0, 1, 26
"d:\codes\996ForCredit\final_project\383ONPBqLwJeW\east_wind-front\src\directives\example\waves.js", "JavaScript", 0, 0, 67, 0, 0, 0, 0, 0, 0, 0, 0, 0, 0, 0, 0, 0, 0, 0, 0, 6, 73
"d:\codes\996ForCredit\final_project\383ONPBqLwJeW\east_wind-front\src\directives\has-perm.ts", "TypeScript", 0, 0, 0, 0, 0, 24, 0, 0, 0, 0, 0, 0, 0, 0, 0, 0, 0, 0, 0, 1, 25
"d:\codes\996ForCredit\final_project\383ONPBqLwJeW\east_wind-front\src\directives\has-role.ts", "TypeScript", 0, 0, 0, 0, 0, 24, 0, 0, 0, 0, 0, 0, 0, 0, 0, 0, 0, 0, 0, 3, 27
"d:\codes\996ForCredit\final_project\383ONPBqLwJeW\east_wind-front\src\directives\index.ts", "TypeScript", 0, 0, 0, 0, 0, 20, 0, 0, 0, 0, 0, 0, 0, 0, 0, 0, 0, 0, 1, 4, 25
"d:\codes\996ForCredit\final_project\383ONPBqLwJeW\east_wind-front\src\directives\lang.ts", "TypeScript", 0, 0, 0, 0, 0, 38, 0, 0, 0, 0, 0, 0, 0, 0, 0, 0, 0, 0, 5, 2, 45
"d:\codes\996ForCredit\final_project\383ONPBqLwJeW\east_wind-front\src\hooks\use-common.ts", "TypeScript", 0, 0, 0, 0, 0, 79, 0, 0, 0, 0, 0, 0, 0, 0, 0, 0, 0, 0, 13, 15, 107
"d:\codes\996ForCredit\final_project\383ONPBqLwJeW\east_wind-front\src\hooks\use-dict.js", "JavaScript", 0, 0, 25, 0, 0, 0, 0, 0, 0, 0, 0, 0, 0, 0, 0, 0, 0, 0, 4, 2, 31
"d:\codes\996ForCredit\final_project\383ONPBqLwJeW\east_wind-front\src\hooks\use-element.ts", "TypeScript", 0, 0, 0, 0, 0, 153, 0, 0, 0, 0, 0, 0, 0, 0, 0, 0, 0, 0, 50, 7, 210
"d:\codes\996ForCredit\final_project\383ONPBqLwJeW\east_wind-front\src\hooks\use-error-log.ts", "TypeScript", 0, 0, 0, 0, 0, 31, 0, 0, 0, 0, 0, 0, 0, 0, 0, 0, 0, 0, 5, 2, 38
"d:\codes\996ForCredit\final_project\383ONPBqLwJeW\east_wind-front\src\hooks\use-layout.ts", "TypeScript", 0, 0, 0, 0, 0, 36, 0, 0, 0, 0, 0, 0, 0, 0, 0, 0, 0, 0, 7, 2, 45
"d:\codes\996ForCredit\final_project\383ONPBqLwJeW\east_wind-front\src\hooks\use-permission.ts", "TypeScript", 0, 0, 0, 0, 0, 67, 0, 0, 0, 0, 0, 0, 0, 0, 0, 0, 0, 0, 49, 7, 123
"d:\codes\996ForCredit\final_project\383ONPBqLwJeW\east_wind-front\src\hooks\use-self-router.ts", "TypeScript", 0, 0, 0, 0, 0, 39, 0, 0, 0, 0, 0, 0, 0, 0, 0, 0, 0, 0, 1, 2, 42
"d:\codes\996ForCredit\final_project\383ONPBqLwJeW\east_wind-front\src\hooks\use-table.ts", "TypeScript", 0, 0, 0, 0, 0, 105, 0, 0, 0, 0, 0, 0, 0, 0, 0, 0, 0, 0, 13, 5, 123
"d:\codes\996ForCredit\final_project\383ONPBqLwJeW\east_wind-front\src\icons\SvgIcon.vue", "vue", 0, 0, 0, 0, 0, 0, 0, 0, 41, 0, 0, 0, 0, 0, 0, 0, 0, 0, 0, 5, 46
"d:\codes\996ForCredit\final_project\383ONPBqLwJeW\east_wind-front\src\icons\common\404.svg", "XML", 0, 0, 0, 0, 0, 0, 0, 0, 0, 0, 0, 0, 0, 0, 0, 0, 0, 0, 0, 1, 1
"d:\codes\996ForCredit\final_project\383ONPBqLwJeW\east_wind-front\src\icons\common\bug.svg", "XML", 0, 0, 0, 0, 0, 0, 0, 0, 0, 0, 0, 1, 0, 0, 0, 0, 0, 0, 0, 0, 1
"d:\codes\996ForCredit\final_project\383ONPBqLwJeW\east_wind-front\src\icons\common\build.svg", "XML", 0, 0, 0, 0, 0, 0, 0, 0, 0, 0, 0, 1, 0, 0, 0, 0, 0, 0, 0, 0, 1
"d:\codes\996ForCredit\final_project\383ONPBqLwJeW\east_wind-front\src\icons\common\button.svg", "XML", 0, 0, 0, 0, 0, 0, 0, 0, 0, 0, 0, 1, 0, 0, 0, 0, 0, 0, 0, 0, 1
"d:\codes\996ForCredit\final_project\383ONPBqLwJeW\east_wind-front\src\icons\common\cascader.svg", "XML", 0, 0, 0, 0, 0, 0, 0, 0, 0, 0, 0, 1, 0, 0, 0, 0, 0, 0, 0, 0, 1
"d:\codes\996ForCredit\final_project\383ONPBqLwJeW\east_wind-front\src\icons\common\chart.svg", "XML", 0, 0, 0, 0, 0, 0, 0, 0, 0, 0, 0, 1, 0, 0, 0, 0, 0, 0, 0, 0, 1
"d:\codes\996ForCredit\final_project\383ONPBqLwJeW\east_wind-front\src\icons\common\checkbox.svg", "XML", 0, 0, 0, 0, 0, 0, 0, 0, 0, 0, 0, 1, 0, 0, 0, 0, 0, 0, 0, 0, 1
"d:\codes\996ForCredit\final_project\383ONPBqLwJeW\east_wind-front\src\icons\common\clipboard.svg", "XML", 0, 0, 0, 0, 0, 0, 0, 0, 0, 0, 0, 1, 0, 0, 0, 0, 0, 0, 0, 0, 1
"d:\codes\996ForCredit\final_project\383ONPBqLwJeW\east_wind-front\src\icons\common\code.svg", "XML", 0, 0, 0, 0, 0, 0, 0, 0, 0, 0, 0, 1, 0, 0, 0, 0, 0, 0, 0, 0, 1
"d:\codes\996ForCredit\final_project\383ONPBqLwJeW\east_wind-front\src\icons\common\color.svg", "XML", 0, 0, 0, 0, 0, 0, 0, 0, 0, 0, 0, 1, 0, 0, 0, 0, 0, 0, 0, 0, 1
"d:\codes\996ForCredit\final_project\383ONPBqLwJeW\east_wind-front\src\icons\common\component.svg", "XML", 0, 0, 0, 0, 0, 0, 0, 0, 0, 0, 0, 1, 0, 0, 0, 0, 0, 0, 0, 0, 1
"d:\codes\996ForCredit\final_project\383ONPBqLwJeW\east_wind-front\src\icons\common\dashboard.svg", "XML", 0, 0, 0, 0, 0, 0, 0, 0, 0, 0, 0, 1, 0, 0, 0, 0, 0, 0, 0, 0, 1
"d:\codes\996ForCredit\final_project\383ONPBqLwJeW\east_wind-front\src\icons\common\date-range.svg", "XML", 0, 0, 0, 0, 0, 0, 0, 0, 0, 0, 0, 1, 0, 0, 0, 0, 0, 0, 0, 0, 1
"d:\codes\996ForCredit\final_project\383ONPBqLwJeW\east_wind-front\src\icons\common\date.svg", "XML", 0, 0, 0, 0, 0, 0, 0, 0, 0, 0, 0, 1, 0, 0, 0, 0, 0, 0, 0, 0, 1
"d:\codes\996ForCredit\final_project\383ONPBqLwJeW\east_wind-front\src\icons\common\demo.svg", "XML", 0, 0, 0, 0, 0, 0, 0, 0, 0, 0, 0, 1, 0, 0, 0, 0, 0, 0, 0, 0, 1
"d:\codes\996ForCredit\final_project\383ONPBqLwJeW\east_wind-front\src\icons\common\dict.svg", "XML", 0, 0, 0, 0, 0, 0, 0, 0, 0, 0, 0, 1, 0, 0, 0, 0, 0, 0, 0, 0, 1
"d:\codes\996ForCredit\final_project\383ONPBqLwJeW\east_wind-front\src\icons\common\documentation.svg", "XML", 0, 0, 0, 0, 0, 0, 0, 0, 0, 0, 0, 1, 0, 0, 0, 0, 0, 0, 0, 0, 1
"d:\codes\996ForCredit\final_project\383ONPBqLwJeW\east_wind-front\src\icons\common\download.svg", "XML", 0, 0, 0, 0, 0, 0, 0, 0, 0, 0, 0, 1, 0, 0, 0, 0, 0, 0, 0, 0, 1
"d:\codes\996ForCredit\final_project\383ONPBqLwJeW\east_wind-front\src\icons\common\drag.svg", "XML", 0, 0, 0, 0, 0, 0, 0, 0, 0, 0, 0, 1, 0, 0, 0, 0, 0, 0, 0, 0, 1
"d:\codes\996ForCredit\final_project\383ONPBqLwJeW\east_wind-front\src\icons\common\druid.svg", "XML", 0, 0, 0, 0, 0, 0, 0, 0, 0, 0, 0, 1, 0, 0, 0, 0, 0, 0, 0, 0, 1
"d:\codes\996ForCredit\final_project\383ONPBqLwJeW\east_wind-front\src\icons\common\edit.svg", "XML", 0, 0, 0, 0, 0, 0, 0, 0, 0, 0, 0, 1, 0, 0, 0, 0, 0, 0, 0, 0, 1
"d:\codes\996ForCredit\final_project\383ONPBqLwJeW\east_wind-front\src\icons\common\education.svg", "XML", 0, 0, 0, 0, 0, 0, 0, 0, 0, 0, 0, 1, 0, 0, 0, 0, 0, 0, 0, 0, 1
"d:\codes\996ForCredit\final_project\383ONPBqLwJeW\east_wind-front\src\icons\common\email.svg", "XML", 0, 0, 0, 0, 0, 0, 0, 0, 0, 0, 0, 1, 0, 0, 0, 0, 0, 0, 0, 0, 1
"d:\codes\996ForCredit\final_project\383ONPBqLwJeW\east_wind-front\src\icons\common\example.svg", "XML", 0, 0, 0, 0, 0, 0, 0, 0, 0, 0, 0, 1, 0, 0, 0, 0, 0, 0, 0, 0, 1
"d:\codes\996ForCredit\final_project\383ONPBqLwJeW\east_wind-front\src\icons\common\excel.svg", "XML", 0, 0, 0, 0, 0, 0, 0, 0, 0, 0, 0, 1, 0, 0, 0, 0, 0, 0, 0, 0, 1
"d:\codes\996ForCredit\final_project\383ONPBqLwJeW\east_wind-front\src\icons\common\exit-fullscreen.svg", "XML", 0, 0, 0, 0, 0, 0, 0, 0, 0, 0, 0, 1, 0, 0, 0, 0, 0, 0, 0, 0, 1
"d:\codes\996ForCredit\final_project\383ONPBqLwJeW\east_wind-front\src\icons\common\eye-open.svg", "XML", 0, 0, 0, 0, 0, 0, 0, 0, 0, 0, 0, 1, 0, 0, 0, 0, 0, 0, 0, 0, 1
"d:\codes\996ForCredit\final_project\383ONPBqLwJeW\east_wind-front\src\icons\common\eye.svg", "XML", 0, 0, 0, 0, 0, 0, 0, 0, 0, 0, 0, 1, 0, 0, 0, 0, 0, 0, 0, 0, 1
"d:\codes\996ForCredit\final_project\383ONPBqLwJeW\east_wind-front\src\icons\common\form.svg", "XML", 0, 0, 0, 0, 0, 0, 0, 0, 0, 0, 0, 1, 0, 0, 0, 0, 0, 0, 0, 0, 1
"d:\codes\996ForCredit\final_project\383ONPBqLwJeW\east_wind-front\src\icons\common\fullscreen.svg", "XML", 0, 0, 0, 0, 0, 0, 0, 0, 0, 0, 0, 1, 0, 0, 0, 0, 0, 0, 0, 0, 1
"d:\codes\996ForCredit\final_project\383ONPBqLwJeW\east_wind-front\src\icons\common\github.svg", "XML", 0, 0, 0, 0, 0, 0, 0, 0, 0, 0, 0, 1, 0, 0, 0, 0, 0, 0, 0, 0, 1
"d:\codes\996ForCredit\final_project\383ONPBqLwJeW\east_wind-front\src\icons\common\guide.svg", "XML", 0, 0, 0, 0, 0, 0, 0, 0, 0, 0, 0, 1, 0, 0, 0, 0, 0, 0, 0, 0, 1
"d:\codes\996ForCredit\final_project\383ONPBqLwJeW\east_wind-front\src\icons\common\hamburger.svg", "XML", 0, 0, 0, 0, 0, 0, 0, 0, 0, 0, 0, 2, 0, 0, 0, 0, 0, 0, 0, 0, 2
"d:\codes\996ForCredit\final_project\383ONPBqLwJeW\east_wind-front\src\icons\common\icon.svg", "XML", 0, 0, 0, 0, 0, 0, 0, 0, 0, 0, 0, 1, 0, 0, 0, 0, 0, 0, 0, 0, 1
"d:\codes\996ForCredit\final_project\383ONPBqLwJeW\east_wind-front\src\icons\common\input.svg", "XML", 0, 0, 0, 0, 0, 0, 0, 0, 0, 0, 0, 1, 0, 0, 0, 0, 0, 0, 0, 0, 1
"d:\codes\996ForCredit\final_project\383ONPBqLwJeW\east_wind-front\src\icons\common\international.svg", "XML", 0, 0, 0, 0, 0, 0, 0, 0, 0, 0, 0, 1, 0, 0, 0, 0, 0, 0, 0, 0, 1
"d:\codes\996ForCredit\final_project\383ONPBqLwJeW\east_wind-front\src\icons\common\job.svg", "XML", 0, 0, 0, 0, 0, 0, 0, 0, 0, 0, 0, 1, 0, 0, 0, 0, 0, 0, 0, 0, 1
"d:\codes\996ForCredit\final_project\383ONPBqLwJeW\east_wind-front\src\icons\common\language.svg", "XML", 0, 0, 0, 0, 0, 0, 0, 0, 0, 0, 0, 1, 0, 0, 0, 0, 0, 0, 0, 0, 1
"d:\codes\996ForCredit\final_project\383ONPBqLwJeW\east_wind-front\src\icons\common\link.svg", "XML", 0, 0, 0, 0, 0, 0, 0, 0, 0, 0, 0, 1, 0, 0, 0, 0, 0, 0, 0, 0, 1
"d:\codes\996ForCredit\final_project\383ONPBqLwJeW\east_wind-front\src\icons\common\list.svg", "XML", 0, 0, 0, 0, 0, 0, 0, 0, 0, 0, 0, 1, 0, 0, 0, 0, 0, 0, 0, 0, 1
"d:\codes\996ForCredit\final_project\383ONPBqLwJeW\east_wind-front\src\icons\common\lock.svg", "XML", 0, 0, 0, 0, 0, 0, 0, 0, 0, 0, 0, 1, 0, 0, 0, 0, 0, 0, 0, 0, 1
"d:\codes\996ForCredit\final_project\383ONPBqLwJeW\east_wind-front\src\icons\common\log.svg", "XML", 0, 0, 0, 0, 0, 0, 0, 0, 0, 0, 0, 1, 0, 0, 0, 0, 0, 0, 0, 0, 1
"d:\codes\996ForCredit\final_project\383ONPBqLwJeW\east_wind-front\src\icons\common\logininfor.svg", "XML", 0, 0, 0, 0, 0, 0, 0, 0, 0, 0, 0, 1, 0, 0, 0, 0, 0, 0, 0, 0, 1
"d:\codes\996ForCredit\final_project\383ONPBqLwJeW\east_wind-front\src\icons\common\message.svg", "XML", 0, 0, 0, 0, 0, 0, 0, 0, 0, 0, 0, 1, 0, 0, 0, 0, 0, 0, 0, 0, 1
"d:\codes\996ForCredit\final_project\383ONPBqLwJeW\east_wind-front\src\icons\common\money.svg", "XML", 0, 0, 0, 0, 0, 0, 0, 0, 0, 0, 0, 1, 0, 0, 0, 0, 0, 0, 0, 0, 1
"d:\codes\996ForCredit\final_project\383ONPBqLwJeW\east_wind-front\src\icons\common\monitor.svg", "XML", 0, 0, 0, 0, 0, 0, 0, 0, 0, 0, 0, 2, 0, 0, 0, 0, 0, 0, 0, 0, 2
"d:\codes\996ForCredit\final_project\383ONPBqLwJeW\east_wind-front\src\icons\common\nested.svg", "XML", 0, 0, 0, 0, 0, 0, 0, 0, 0, 0, 0, 1, 0, 0, 0, 0, 0, 0, 0, 0, 1
"d:\codes\996ForCredit\final_project\383ONPBqLwJeW\east_wind-front\src\icons\common\number.svg", "XML", 0, 0, 0, 0, 0, 0, 0, 0, 0, 0, 0, 1, 0, 0, 0, 0, 0, 0, 0, 0, 1
"d:\codes\996ForCredit\final_project\383ONPBqLwJeW\east_wind-front\src\icons\common\online.svg", "XML", 0, 0, 0, 0, 0, 0, 0, 0, 0, 0, 0, 1, 0, 0, 0, 0, 0, 0, 0, 0, 1
"d:\codes\996ForCredit\final_project\383ONPBqLwJeW\east_wind-front\src\icons\common\password.svg", "XML", 0, 0, 0, 0, 0, 0, 0, 0, 0, 0, 0, 1, 0, 0, 0, 0, 0, 0, 0, 0, 1
"d:\codes\996ForCredit\final_project\383ONPBqLwJeW\east_wind-front\src\icons\common\pdf.svg", "XML", 0, 0, 0, 0, 0, 0, 0, 0, 0, 0, 0, 1, 0, 0, 0, 0, 0, 0, 0, 0, 1
"d:\codes\996ForCredit\final_project\383ONPBqLwJeW\east_wind-front\src\icons\common\people.svg", "XML", 0, 0, 0, 0, 0, 0, 0, 0, 0, 0, 0, 1, 0, 0, 0, 0, 0, 0, 0, 0, 1
"d:\codes\996ForCredit\final_project\383ONPBqLwJeW\east_wind-front\src\icons\common\peoples.svg", "XML", 0, 0, 0, 0, 0, 0, 0, 0, 0, 0, 0, 1, 0, 0, 0, 0, 0, 0, 0, 0, 1
"d:\codes\996ForCredit\final_project\383ONPBqLwJeW\east_wind-front\src\icons\common\phone.svg", "XML", 0, 0, 0, 0, 0, 0, 0, 0, 0, 0, 0, 1, 0, 0, 0, 0, 0, 0, 0, 0, 1
"d:\codes\996ForCredit\final_project\383ONPBqLwJeW\east_wind-front\src\icons\common\post.svg", "XML", 0, 0, 0, 0, 0, 0, 0, 0, 0, 0, 0, 1, 0, 0, 0, 0, 0, 0, 0, 0, 1
"d:\codes\996ForCredit\final_project\383ONPBqLwJeW\east_wind-front\src\icons\common\qq.svg", "XML", 0, 0, 0, 0, 0, 0, 0, 0, 0, 0, 0, 1, 0, 0, 0, 0, 0, 0, 0, 0, 1
"d:\codes\996ForCredit\final_project\383ONPBqLwJeW\east_wind-front\src\icons\common\question.svg", "XML", 0, 0, 0, 0, 0, 0, 0, 0, 0, 0, 0, 1, 0, 0, 0, 0, 0, 0, 0, 0, 1
"d:\codes\996ForCredit\final_project\383ONPBqLwJeW\east_wind-front\src\icons\common\radio.svg", "XML", 0, 0, 0, 0, 0, 0, 0, 0, 0, 0, 0, 1, 0, 0, 0, 0, 0, 0, 0, 0, 1
"d:\codes\996ForCredit\final_project\383ONPBqLwJeW\east_wind-front\src\icons\common\rate.svg", "XML", 0, 0, 0, 0, 0, 0, 0, 0, 0, 0, 0, 1, 0, 0, 0, 0, 0, 0, 0, 0, 1
"d:\codes\996ForCredit\final_project\383ONPBqLwJeW\east_wind-front\src\icons\common\redis-list.svg", "XML", 0, 0, 0, 0, 0, 0, 0, 0, 0, 0, 0, 2, 0, 0, 0, 0, 0, 0, 0, 0, 2
"d:\codes\996ForCredit\final_project\383ONPBqLwJeW\east_wind-front\src\icons\common\redis.svg", "XML", 0, 0, 0, 0, 0, 0, 0, 0, 0, 0, 0, 1, 0, 0, 0, 0, 0, 0, 0, 0, 1
"d:\codes\996ForCredit\final_project\383ONPBqLwJeW\east_wind-front\src\icons\common\row.svg", "XML", 0, 0, 0, 0, 0, 0, 0, 0, 0, 0, 0, 1, 0, 0, 0, 0, 0, 0, 0, 0, 1
"d:\codes\996ForCredit\final_project\383ONPBqLwJeW\east_wind-front\src\icons\common\search.svg", "XML", 0, 0, 0, 0, 0, 0, 0, 0, 0, 0, 0, 1, 0, 0, 0, 0, 0, 0, 0, 0, 1
"d:\codes\996ForCredit\final_project\383ONPBqLwJeW\east_wind-front\src\icons\common\select.svg", "XML", 0, 0, 0, 0, 0, 0, 0, 0, 0, 0, 0, 1, 0, 0, 0, 0, 0, 0, 0, 0, 1
"d:\codes\996ForCredit\final_project\383ONPBqLwJeW\east_wind-front\src\icons\common\server.svg", "XML", 0, 0, 0, 0, 0, 0, 0, 0, 0, 0, 0, 1, 0, 0, 0, 0, 0, 0, 0, 0, 1
"d:\codes\996ForCredit\final_project\383ONPBqLwJeW\east_wind-front\src\icons\common\shopping.svg", "XML", 0, 0, 0, 0, 0, 0, 0, 0, 0, 0, 0, 1, 0, 0, 0, 0, 0, 0, 0, 0, 1
"d:\codes\996ForCredit\final_project\383ONPBqLwJeW\east_wind-front\src\icons\common\sidebar-logo.svg", "XML", 0, 0, 0, 0, 0, 0, 0, 0, 0, 0, 0, 2, 0, 0, 0, 0, 0, 0, 0, 1, 3
"d:\codes\996ForCredit\final_project\383ONPBqLwJeW\east_wind-front\src\icons\common\size.svg", "XML", 0, 0, 0, 0, 0, 0, 0, 0, 0, 0, 0, 1, 0, 0, 0, 0, 0, 0, 0, 0, 1
"d:\codes\996ForCredit\final_project\383ONPBqLwJeW\east_wind-front\src\icons\common\skill.svg", "XML", 0, 0, 0, 0, 0, 0, 0, 0, 0, 0, 0, 1, 0, 0, 0, 0, 0, 0, 0, 0, 1
"d:\codes\996ForCredit\final_project\383ONPBqLwJeW\east_wind-front\src\icons\common\slider.svg", "XML", 0, 0, 0, 0, 0, 0, 0, 0, 0, 0, 0, 1, 0, 0, 0, 0, 0, 0, 0, 0, 1
"d:\codes\996ForCredit\final_project\383ONPBqLwJeW\east_wind-front\src\icons\common\star.svg", "XML", 0, 0, 0, 0, 0, 0, 0, 0, 0, 0, 0, 1, 0, 0, 0, 0, 0, 0, 0, 0, 1
"d:\codes\996ForCredit\final_project\383ONPBqLwJeW\east_wind-front\src\icons\common\swagger.svg", "XML", 0, 0, 0, 0, 0, 0, 0, 0, 0, 0, 0, 1, 0, 0, 0, 0, 0, 0, 0, 0, 1
"d:\codes\996ForCredit\final_project\383ONPBqLwJeW\east_wind-front\src\icons\common\switch.svg", "XML", 0, 0, 0, 0, 0, 0, 0, 0, 0, 0, 0, 1, 0, 0, 0, 0, 0, 0, 0, 0, 1
"d:\codes\996ForCredit\final_project\383ONPBqLwJeW\east_wind-front\src\icons\common\system.svg", "XML", 0, 0, 0, 0, 0, 0, 0, 0, 0, 0, 0, 2, 0, 0, 0, 0, 0, 0, 0, 0, 2
"d:\codes\996ForCredit\final_project\383ONPBqLwJeW\east_wind-front\src\icons\common\tab.svg", "XML", 0, 0, 0, 0, 0, 0, 0, 0, 0, 0, 0, 1, 0, 0, 0, 0, 0, 0, 0, 0, 1
"d:\codes\996ForCredit\final_project\383ONPBqLwJeW\east_wind-front\src\icons\common\table.svg", "XML", 0, 0, 0, 0, 0, 0, 0, 0, 0, 0, 0, 1, 0, 0, 0, 0, 0, 0, 0, 0, 1
"d:\codes\996ForCredit\final_project\383ONPBqLwJeW\east_wind-front\src\icons\common\textarea.svg", "XML", 0, 0, 0, 0, 0, 0, 0, 0, 0, 0, 0, 1, 0, 0, 0, 0, 0, 0, 0, 0, 1
"d:\codes\996ForCredit\final_project\383ONPBqLwJeW\east_wind-front\src\icons\common\theme.svg", "XML", 0, 0, 0, 0, 0, 0, 0, 0, 0, 0, 0, 1, 0, 0, 0, 0, 0, 0, 0, 0, 1
"d:\codes\996ForCredit\final_project\383ONPBqLwJeW\east_wind-front\src\icons\common\time-range.svg", "XML", 0, 0, 0, 0, 0, 0, 0, 0, 0, 0, 0, 1, 0, 0, 0, 0, 0, 0, 0, 0, 1
"d:\codes\996ForCredit\final_project\383ONPBqLwJeW\east_wind-front\src\icons\common\time.svg", "XML", 0, 0, 0, 0, 0, 0, 0, 0, 0, 0, 0, 1, 0, 0, 0, 0, 0, 0, 0, 0, 1
"d:\codes\996ForCredit\final_project\383ONPBqLwJeW\east_wind-front\src\icons\common\tool.svg", "XML", 0, 0, 0, 0, 0, 0, 0, 0, 0, 0, 0, 1, 0, 0, 0, 0, 0, 0, 0, 0, 1
"d:\codes\996ForCredit\final_project\383ONPBqLwJeW\east_wind-front\src\icons\common\tree-table.svg", "XML", 0, 0, 0, 0, 0, 0, 0, 0, 0, 0, 0, 1, 0, 0, 0, 0, 0, 0, 0, 0, 1
"d:\codes\996ForCredit\final_project\383ONPBqLwJeW\east_wind-front\src\icons\common\tree.svg", "XML", 0, 0, 0, 0, 0, 0, 0, 0, 0, 0, 0, 1, 0, 0, 0, 0, 0, 0, 0, 0, 1
"d:\codes\996ForCredit\final_project\383ONPBqLwJeW\east_wind-front\src\icons\common\upload.svg", "XML", 0, 0, 0, 0, 0, 0, 0, 0, 0, 0, 0, 1, 0, 0, 0, 0, 0, 0, 0, 0, 1
"d:\codes\996ForCredit\final_project\383ONPBqLwJeW\east_wind-front\src\icons\common\user.svg", "XML", 0, 0, 0, 0, 0, 0, 0, 0, 0, 0, 0, 1, 0, 0, 0, 0, 0, 0, 0, 0, 1
"d:\codes\996ForCredit\final_project\383ONPBqLwJeW\east_wind-front\src\icons\common\validCode.svg", "XML", 0, 0, 0, 0, 0, 0, 0, 0, 0, 0, 0, 1, 0, 0, 0, 0, 0, 0, 0, 0, 1
"d:\codes\996ForCredit\final_project\383ONPBqLwJeW\east_wind-front\src\icons\common\wechat.svg", "XML", 0, 0, 0, 0, 0, 0, 0, 0, 0, 0, 0, 1, 0, 0, 0, 0, 0, 0, 0, 0, 1
"d:\codes\996ForCredit\final_project\383ONPBqLwJeW\east_wind-front\src\icons\common\zip.svg", "XML", 0, 0, 0, 0, 0, 0, 0, 0, 0, 0, 0, 0, 0, 0, 0, 0, 0, 0, 0, 1, 1
"d:\codes\996ForCredit\final_project\383ONPBqLwJeW\east_wind-front\src\icons\nav-bar\dashboard.svg", "XML", 0, 0, 0, 0, 0, 0, 0, 0, 0, 0, 0, 1, 0, 0, 0, 0, 0, 0, 0, 0, 1
"d:\codes\996ForCredit\final_project\383ONPBqLwJeW\east_wind-front\src\icons\nav-bar\example.svg", "XML", 0, 0, 0, 0, 0, 0, 0, 0, 0, 0, 0, 1, 0, 0, 0, 0, 0, 0, 0, 0, 1
"d:\codes\996ForCredit\final_project\383ONPBqLwJeW\east_wind-front\src\icons\nav-bar\eye-open.svg", "XML", 0, 0, 0, 0, 0, 0, 0, 0, 0, 0, 0, 1, 0, 0, 0, 0, 0, 0, 0, 0, 1
"d:\codes\996ForCredit\final_project\383ONPBqLwJeW\east_wind-front\src\icons\nav-bar\eye.svg", "XML", 0, 0, 0, 0, 0, 0, 0, 0, 0, 0, 0, 1, 0, 0, 0, 0, 0, 0, 0, 0, 1
"d:\codes\996ForCredit\final_project\383ONPBqLwJeW\east_wind-front\src\icons\nav-bar\form.svg", "XML", 0, 0, 0, 0, 0, 0, 0, 0, 0, 0, 0, 1, 0, 0, 0, 0, 0, 0, 0, 0, 1
"d:\codes\996ForCredit\final_project\383ONPBqLwJeW\east_wind-front\src\icons\nav-bar\language.svg", "XML", 0, 0, 0, 0, 0, 0, 0, 0, 0, 0, 0, 1, 0, 0, 0, 0, 0, 0, 0, 1, 2
"d:\codes\996ForCredit\final_project\383ONPBqLwJeW\east_wind-front\src\icons\nav-bar\link.svg", "XML", 0, 0, 0, 0, 0, 0, 0, 0, 0, 0, 0, 1, 0, 0, 0, 0, 0, 0, 0, 0, 1
"d:\codes\996ForCredit\final_project\383ONPBqLwJeW\east_wind-front\src\icons\nav-bar\nested.svg", "XML", 0, 0, 0, 0, 0, 0, 0, 0, 0, 0, 0, 1, 0, 0, 0, 0, 0, 0, 0, 0, 1
"d:\codes\996ForCredit\final_project\383ONPBqLwJeW\east_wind-front\src\icons\nav-bar\password.svg", "XML", 0, 0, 0, 0, 0, 0, 0, 0, 0, 0, 0, 1, 0, 0, 0, 0, 0, 0, 0, 0, 1
"d:\codes\996ForCredit\final_project\383ONPBqLwJeW\east_wind-front\src\icons\nav-bar\table.svg", "XML", 0, 0, 0, 0, 0, 0, 0, 0, 0, 0, 0, 1, 0, 0, 0, 0, 0, 0, 0, 0, 1
"d:\codes\996ForCredit\final_project\383ONPBqLwJeW\east_wind-front\src\icons\nav-bar\theme-icon.svg", "XML", 0, 0, 0, 0, 0, 0, 0, 0, 0, 0, 0, 2, 0, 0, 0, 0, 0, 0, 0, 1, 3
"d:\codes\996ForCredit\final_project\383ONPBqLwJeW\east_wind-front\src\icons\nav-bar\tree.svg", "XML", 0, 0, 0, 0, 0, 0, 0, 0, 0, 0, 0, 1, 0, 0, 0, 0, 0, 0, 0, 0, 1
"d:\codes\996ForCredit\final_project\383ONPBqLwJeW\east_wind-front\src\icons\nav-bar\user.svg", "XML", 0, 0, 0, 0, 0, 0, 0, 0, 0, 0, 0, 1, 0, 0, 0, 0, 0, 0, 0, 0, 1
"d:\codes\996ForCredit\final_project\383ONPBqLwJeW\east_wind-front\src\icons\nav-bar\validCode.svg", "XML", 0, 0, 0, 0, 0, 0, 0, 0, 0, 0, 0, 1, 0, 0, 0, 0, 0, 0, 0, 0, 1
"d:\codes\996ForCredit\final_project\383ONPBqLwJeW\east_wind-front\src\lang\en.ts", "TypeScript", 0, 0, 0, 0, 0, 115, 0, 0, 0, 0, 0, 0, 0, 0, 0, 0, 0, 0, 1, 8, 124
"d:\codes\996ForCredit\final_project\383ONPBqLwJeW\east_wind-front\src\lang\index.ts", "TypeScript", 0, 0, 0, 0, 0, 17, 0, 0, 0, 0, 0, 0, 0, 0, 0, 0, 0, 0, 0, 3, 20
"d:\codes\996ForCredit\final_project\383ONPBqLwJeW\east_wind-front\src\lang\zh.ts", "TypeScript", 0, 0, 0, 0, 0, 75, 0, 0, 0, 0, 0, 0, 0, 0, 0, 0, 0, 0, 95, 6, 176
"d:\codes\996ForCredit\final_project\383ONPBqLwJeW\east_wind-front\src\layout\app-main\Navbar.vue", "vue", 0, 0, 0, 0, 0, 0, 0, 0, 8, 0, 0, 0, 0, 0, 0, 0, 0, 0, 0, 5, 13
"d:\codes\996ForCredit\final_project\383ONPBqLwJeW\east_wind-front\src\layout\app-main\index.vue", "vue", 0, 0, 0, 0, 0, 0, 0, 0, 16, 0, 0, 0, 0, 0, 0, 0, 0, 0, 0, 4, 20
"d:\codes\996ForCredit\final_project\383ONPBqLwJeW\east_wind-front\src\layout\index.vue", "vue", 0, 0, 0, 0, 0, 0, 0, 0, 29, 0, 0, 0, 0, 0, 0, 0, 0, 0, 2, 3, 34
"d:\codes\996ForCredit\final_project\383ONPBqLwJeW\east_wind-front\src\layout\sidebar\index.vue", "vue", 0, 0, 0, 0, 0, 0, 0, 0, 38, 0, 0, 0, 0, 0, 0, 0, 0, 0, 2, 3, 43
"d:\codes\996ForCredit\final_project\383ONPBqLwJeW\east_wind-front\src\lib\el-svg-icon.ts", "TypeScript", 0, 0, 0, 0, 0, 9, 0, 0, 0, 0, 0, 0, 0, 0, 0, 0, 0, 0, 0, 1, 10
"d:\codes\996ForCredit\final_project\383ONPBqLwJeW\east_wind-front\src\lib\element-plus.ts", "TypeScript", 0, 0, 0, 0, 0, 7, 0, 0, 0, 0, 0, 0, 0, 0, 0, 0, 0, 0, 1, 1, 9
"d:\codes\996ForCredit\final_project\383ONPBqLwJeW\east_wind-front\src\main.ts", "TypeScript", 0, 0, 0, 0, 0, 33, 0, 0, 0, 0, 0, 0, 0, 0, 0, 0, 0, 0, 14, 13, 60
"d:\codes\996ForCredit\final_project\383ONPBqLwJeW\east_wind-front\src\permission.ts", "TypeScript", 0, 0, 0, 0, 0, 47, 0, 0, 0, 0, 0, 0, 0, 0, 0, 0, 0, 0, 10, 4, 61
"d:\codes\996ForCredit\final_project\383ONPBqLwJeW\east_wind-front\src\plugins\vite-plugin-setup-extend\index.ts", "TypeScript", 0, 0, 0, 0, 0, 33, 0, 0, 0, 0, 0, 0, 0, 0, 0, 0, 0, 0, 4, 2, 39
"d:\codes\996ForCredit\final_project\383ONPBqLwJeW\east_wind-front\src\router\index.ts", "TypeScript", 0, 0, 0, 0, 0, 54, 0, 0, 0, 0, 0, 0, 0, 0, 0, 0, 0, 0, 8, 7, 69
"d:\codes\996ForCredit\final_project\383ONPBqLwJeW\east_wind-front\src\settings.ts", "TypeScript", 0, 0, 0, 0, 0, 30, 0, 0, 0, 0, 0, 0, 0, 0, 0, 0, 0, 0, 85, 8, 123
"d:\codes\996ForCredit\final_project\383ONPBqLwJeW\east_wind-front\src\store\basic.ts", "TypeScript", 0, 0, 0, 0, 0, 107, 0, 0, 0, 0, 0, 0, 0, 0, 0, 0, 0, 0, 9, 2, 118
"d:\codes\996ForCredit\final_project\383ONPBqLwJeW\east_wind-front\src\store\config.ts", "TypeScript", 0, 0, 0, 0, 0, 41, 0, 0, 0, 0, 0, 0, 0, 0, 0, 0, 0, 0, 0, 1, 42
"d:\codes\996ForCredit\final_project\383ONPBqLwJeW\east_wind-front\src\styles\index.scss", "SCSS", 0, 0, 0, 0, 0, 0, 0, 0, 0, 59, 0, 0, 0, 0, 0, 0, 0, 0, 7, 4, 70
"d:\codes\996ForCredit\final_project\383ONPBqLwJeW\east_wind-front\src\styles\init-loading.css", "CSS", 0, 0, 0, 0, 0, 0, 0, 0, 0, 0, 13, 0, 0, 0, 0, 0, 0, 0, 1, 4, 18
"d:\codes\996ForCredit\final_project\383ONPBqLwJeW\east_wind-front\src\styles\reset-elemenet-plus-style.scss", "SCSS", 0, 0, 0, 0, 0, 0, 0, 0, 0, 20, 0, 0, 0, 0, 0, 0, 0, 0, 3, 5, 28
"d:\codes\996ForCredit\final_project\383ONPBqLwJeW\east_wind-front\src\styles\scss-suger.scss", "SCSS", 0, 0, 0, 0, 0, 0, 0, 0, 0, 246, 0, 0, 0, 0, 0, 0, 0, 0, 21, 8, 275
"d:\codes\996ForCredit\final_project\383ONPBqLwJeW\east_wind-front\src\styles\transition.scss", "SCSS", 0, 0, 0, 0, 0, 0, 0, 0, 0, 34, 0, 0, 0, 0, 0, 0, 0, 0, 4, 7, 45
"d:\codes\996ForCredit\final_project\383ONPBqLwJeW\east_wind-front\src\theme\base\custom\ct-css-vars.scss", "SCSS", 0, 0, 0, 0, 0, 0, 0, 0, 0, 49, 0, 0, 0, 0, 0, 0, 0, 0, 16, 3, 68
"d:\codes\996ForCredit\final_project\383ONPBqLwJeW\east_wind-front\src\theme\base\element-plus\button.scss", "SCSS", 0, 0, 0, 0, 0, 0, 0, 0, 0, 94, 0, 0, 0, 0, 0, 0, 0, 0, 6, 23, 123
"d:\codes\996ForCredit\final_project\383ONPBqLwJeW\east_wind-front\src\theme\base\element-plus\checkbox.scss", "SCSS", 0, 0, 0, 0, 0, 0, 0, 0, 0, 23, 0, 0, 0, 0, 0, 0, 0, 0, 2, 3, 28
"d:\codes\996ForCredit\final_project\383ONPBqLwJeW\east_wind-front\src\theme\base\element-plus\css-vars.scss", "SCSS", 0, 0, 0, 0, 0, 0, 0, 0, 0, 13, 0, 0, 0, 0, 0, 0, 0, 0, 1, 4, 18
"d:\codes\996ForCredit\final_project\383ONPBqLwJeW\east_wind-front\src\theme\base\element-plus\form.scss", "SCSS", 0, 0, 0, 0, 0, 0, 0, 0, 0, 18, 0, 0, 0, 0, 0, 0, 0, 0, 1, 2, 21
"d:\codes\996ForCredit\final_project\383ONPBqLwJeW\east_wind-front\src\theme\base\element-plus\pagination.scss", "SCSS", 0, 0, 0, 0, 0, 0, 0, 0, 0, 29, 0, 0, 0, 0, 0, 0, 0, 0, 0, 2, 31
"d:\codes\996ForCredit\final_project\383ONPBqLwJeW\east_wind-front\src\theme\base\element-plus\redio.scss", "SCSS", 0, 0, 0, 0, 0, 0, 0, 0, 0, 16, 0, 0, 0, 0, 0, 0, 0, 0, 1, 2, 19
"d:\codes\996ForCredit\final_project\383ONPBqLwJeW\east_wind-front\src\theme\base\element-plus\table.scss", "SCSS", 0, 0, 0, 0, 0, 0, 0, 0, 0, 17, 0, 0, 0, 0, 0, 0, 0, 0, 0, 1, 18
"d:\codes\996ForCredit\final_project\383ONPBqLwJeW\east_wind-front\src\theme\base\element-plus\var.scss", "SCSS", 0, 0, 0, 0, 0, 0, 0, 0, 0, 53, 0, 0, 0, 0, 0, 0, 0, 0, 5, 6, 64
"d:\codes\996ForCredit\final_project\383ONPBqLwJeW\east_wind-front\src\theme\base\index.scss", "SCSS", 0, 0, 0, 0, 0, 0, 0, 0, 0, 9, 0, 0, 0, 0, 0, 0, 0, 0, 3, 2, 14
"d:\codes\996ForCredit\final_project\383ONPBqLwJeW\east_wind-front\src\theme\dark\custom\ct-css-vars.scss", "SCSS", 0, 0, 0, 0, 0, 0, 0, 0, 0, 50, 0, 0, 0, 0, 0, 0, 0, 0, 16, 3, 69
"d:\codes\996ForCredit\final_project\383ONPBqLwJeW\east_wind-front\src\theme\dark\element-plus\button.scss", "SCSS", 0, 0, 0, 0, 0, 0, 0, 0, 0, 95, 0, 0, 0, 0, 0, 0, 0, 0, 6, 23, 124
"d:\codes\996ForCredit\final_project\383ONPBqLwJeW\east_wind-front\src\theme\dark\element-plus\checkbox.scss", "SCSS", 0, 0, 0, 0, 0, 0, 0, 0, 0, 23, 0, 0, 0, 0, 0, 0, 0, 0, 2, 3, 28
"d:\codes\996ForCredit\final_project\383ONPBqLwJeW\east_wind-front\src\theme\dark\element-plus\css-vars.css", "CSS", 0, 0, 0, 0, 0, 0, 0, 0, 0, 0, 0, 0, 0, 0, 0, 0, 0, 0, 0, 1, 1
"d:\codes\996ForCredit\final_project\383ONPBqLwJeW\east_wind-front\src\theme\dark\element-plus\css-vars.scss", "SCSS", 0, 0, 0, 0, 0, 0, 0, 0, 0, 13, 0, 0, 0, 0, 0, 0, 0, 0, 1, 4, 18
"d:\codes\996ForCredit\final_project\383ONPBqLwJeW\east_wind-front\src\theme\dark\element-plus\form.scss", "SCSS", 0, 0, 0, 0, 0, 0, 0, 0, 0, 18, 0, 0, 0, 0, 0, 0, 0, 0, 1, 2, 21
"d:\codes\996ForCredit\final_project\383ONPBqLwJeW\east_wind-front\src\theme\dark\element-plus\pagination.scss", "SCSS", 0, 0, 0, 0, 0, 0, 0, 0, 0, 29, 0, 0, 0, 0, 0, 0, 0, 0, 0, 2, 31
"d:\codes\996ForCredit\final_project\383ONPBqLwJeW\east_wind-front\src\theme\dark\element-plus\redio.scss", "SCSS", 0, 0, 0, 0, 0, 0, 0, 0, 0, 16, 0, 0, 0, 0, 0, 0, 0, 0, 1, 2, 19
"d:\codes\996ForCredit\final_project\383ONPBqLwJeW\east_wind-front\src\theme\dark\element-plus\table.scss", "SCSS", 0, 0, 0, 0, 0, 0, 0, 0, 0, 17, 0, 0, 0, 0, 0, 0, 0, 0, 0, 1, 18
"d:\codes\996ForCredit\final_project\383ONPBqLwJeW\east_wind-front\src\theme\dark\element-plus\var.scss", "SCSS", 0, 0, 0, 0, 0, 0, 0, 0, 0, 53, 0, 0, 0, 0, 0, 0, 0, 0, 5, 6, 64
"d:\codes\996ForCredit\final_project\383ONPBqLwJeW\east_wind-front\src\theme\dark\index.scss", "SCSS", 0, 0, 0, 0, 0, 0, 0, 0, 0, 1, 0, 0, 0, 0, 0, 0, 0, 0, 11, 2, 14
"d:\codes\996ForCredit\final_project\383ONPBqLwJeW\east_wind-front\src\theme\index.scss", "SCSS", 0, 0, 0, 0, 0, 0, 0, 0, 0, 2, 0, 0, 0, 0, 0, 0, 0, 0, 6, 1, 9
"d:\codes\996ForCredit\final_project\383ONPBqLwJeW\east_wind-front\src\theme\mixins\_var.scss", "SCSS", 0, 0, 0, 0, 0, 0, 0, 0, 0, 30, 0, 0, 0, 0, 0, 0, 0, 0, 18, 8, 56
"d:\codes\996ForCredit\final_project\383ONPBqLwJeW\east_wind-front\src\theme\mixins\config.scss", "SCSS", 0, 0, 0, 0, 0, 0, 0, 0, 0, 5, 0, 0, 0, 0, 0, 0, 0, 0, 0, 1, 6
"d:\codes\996ForCredit\final_project\383ONPBqLwJeW\east_wind-front\src\theme\mixins\function.scss", "SCSS", 0, 0, 0, 0, 0, 0, 0, 0, 0, 48, 0, 0, 0, 0, 0, 0, 0, 0, 4, 9, 61
"d:\codes\996ForCredit\final_project\383ONPBqLwJeW\east_wind-front\src\theme\mixins\mixins.scss", "SCSS", 0, 0, 0, 0, 0, 0, 0, 0, 0, 52, 0, 0, 0, 0, 0, 0, 0, 0, 3, 7, 62
"d:\codes\996ForCredit\final_project\383ONPBqLwJeW\east_wind-front\src\theme\utils\change-theme.ts", "TypeScript", 0, 0, 0, 0, 0, 3, 0, 0, 0, 0, 0, 0, 0, 0, 0, 0, 0, 0, 0, 1, 4
"d:\codes\996ForCredit\final_project\383ONPBqLwJeW\east_wind-front\src\theme\utils\index.ts", "TypeScript", 0, 0, 0, 0, 0, 1, 0, 0, 0, 0, 0, 0, 0, 0, 0, 0, 0, 0, 0, 1, 2
"d:\codes\996ForCredit\final_project\383ONPBqLwJeW\east_wind-front\src\utils\axios-req.ts", "TypeScript", 0, 0, 0, 0, 0, 94, 0, 0, 0, 0, 0, 0, 0, 0, 0, 0, 0, 0, 19, 2, 115
"d:\codes\996ForCredit\final_project\383ONPBqLwJeW\east_wind-front\src\utils\bus.ts", "TypeScript", 0, 0, 0, 0, 0, 2, 0, 0, 0, 0, 0, 0, 0, 0, 0, 0, 0, 0, 1, 1, 4
"d:\codes\996ForCredit\final_project\383ONPBqLwJeW\east_wind-front\src\utils\common-util.ts", "TypeScript", 0, 0, 0, 0, 0, 72, 0, 0, 0, 0, 0, 0, 0, 0, 0, 0, 0, 0, 54, 1, 127
"d:\codes\996ForCredit\final_project\383ONPBqLwJeW\east_wind-front\src\utils\scroll-to.js", "JavaScript", 0, 0, 46, 0, 0, 0, 0, 0, 0, 0, 0, 0, 0, 0, 0, 0, 0, 0, 15, 5, 66
"d:\codes\996ForCredit\final_project\383ONPBqLwJeW\east_wind-front\src\views\dashboard\index.vue", "vue", 0, 0, 0, 0, 0, 0, 0, 0, 8, 0, 0, 0, 0, 0, 0, 0, 0, 0, 0, 3, 11
"d:\codes\996ForCredit\final_project\383ONPBqLwJeW\east_wind-front\src\views\error-page\401.vue", "vue", 0, 0, 0, 0, 0, 0, 0, 0, 67, 0, 0, 0, 0, 0, 0, 0, 0, 0, 0, 12, 79
"d:\codes\996ForCredit\final_project\383ONPBqLwJeW\east_wind-front\src\views\error-page\404.vue", "vue", 0, 0, 0, 0, 0, 0, 0, 0, 8, 0, 0, 0, 0, 0, 0, 0, 0, 0, 0, 3, 11
"d:\codes\996ForCredit\final_project\383ONPBqLwJeW\east_wind-front\src\views\login\index.vue", "vue", 0, 0, 0, 0, 0, 0, 0, 0, 8, 0, 0, 0, 0, 0, 0, 0, 0, 0, 0, 5, 13
"d:\codes\996ForCredit\final_project\383ONPBqLwJeW\east_wind-front\src\views\login\login-basic.vue", "vue", 0, 0, 0, 0, 0, 0, 0, 0, 252, 0, 0, 0, 0, 0, 0, 0, 0, 0, 1, 24, 277
"d:\codes\996ForCredit\final_project\383ONPBqLwJeW\east_wind-front\src\views\redirect\index.tsx", "TypeScript JSX", 0, 0, 0, 0, 0, 0, 0, 13, 0, 0, 0, 0, 0, 0, 0, 0, 0, 0, 0, 1, 14
"d:\codes\996ForCredit\final_project\383ONPBqLwJeW\east_wind-front\src\vite-env.d.ts", "TypeScript", 0, 0, 0, 0, 0, 0, 0, 0, 0, 0, 0, 0, 0, 0, 0, 0, 0, 0, 1, 1, 2
"d:\codes\996ForCredit\final_project\383ONPBqLwJeW\east_wind-front\tsconfig.base.json", "JSON", 0, 0, 0, 0, 31, 0, 0, 0, 0, 0, 0, 0, 0, 0, 0, 0, 0, 0, 23, 0, 54
"d:\codes\996ForCredit\final_project\383ONPBqLwJeW\east_wind-front\tsconfig.json", "JSON with Comments", 0, 0, 0, 0, 0, 0, 8, 0, 0, 0, 0, 0, 0, 0, 0, 0, 0, 0, 13, 0, 21
"d:\codes\996ForCredit\final_project\383ONPBqLwJeW\east_wind-front\tsconfig.node.json", "JSON", 0, 0, 0, 0, 10, 0, 0, 0, 0, 0, 0, 0, 0, 0, 0, 0, 0, 0, 0, 1, 11
"d:\codes\996ForCredit\final_project\383ONPBqLwJeW\east_wind-front\typings\auto-imports.d.ts", "TypeScript", 0, 0, 0, 0, 0, 118, 0, 0, 0, 0, 0, 0, 0, 0, 0, 0, 0, 0, 7, 1, 126
"d:\codes\996ForCredit\final_project\383ONPBqLwJeW\east_wind-front\typings\basic.d.ts", "TypeScript", 0, 0, 0, 0, 0, 54, 0, 0, 0, 0, 0, 0, 0, 0, 0, 0, 0, 0, 12, 3, 69
"d:\codes\996ForCredit\final_project\383ONPBqLwJeW\east_wind-front\typings\components.d.ts", "TypeScript", 0, 0, 0, 0, 0, 18, 0, 0, 0, 0, 0, 0, 0, 0, 0, 0, 0, 0, 5, 2, 25
"d:\codes\996ForCredit\final_project\383ONPBqLwJeW\east_wind-front\typings\env.d.ts", "TypeScript", 0, 0, 0, 0, 0, 11, 0, 0, 0, 0, 0, 0, 0, 0, 0, 0, 0, 0, 1, 1, 13
"d:\codes\996ForCredit\final_project\383ONPBqLwJeW\east_wind-front\vite.config.ts", "TypeScript", 0, 0, 0, 0, 0, 68, 0, 0, 0, 0, 0, 0, 0, 0, 0, 0, 0, 0, 63, 0, 131
"d:\codes\996ForCredit\final_project\383ONPBqLwJeW\east_wind\.VSCodeCounter\2023-08-21_16-02-36\details.md", "Markdown", 0, 49, 0, 0, 0, 0, 0, 0, 0, 0, 0, 0, 0, 0, 0, 0, 0, 0, 0, 6, 55
"d:\codes\996ForCredit\final_project\383ONPBqLwJeW\east_wind\.VSCodeCounter\2023-08-21_16-02-36\diff-details.md", "Markdown", 0, 9, 0, 0, 0, 0, 0, 0, 0, 0, 0, 0, 0, 0, 0, 0, 0, 0, 0, 6, 15
"d:\codes\996ForCredit\final_project\383ONPBqLwJeW\east_wind\.VSCodeCounter\2023-08-21_16-02-36\diff.md", "Markdown", 0, 12, 0, 0, 0, 0, 0, 0, 0, 0, 0, 0, 0, 0, 0, 0, 0, 0, 0, 7, 19
"d:\codes\996ForCredit\final_project\383ONPBqLwJeW\east_wind\.VSCodeCounter\2023-08-21_16-02-36\results.json", "JSON", 0, 0, 0, 0, 1, 0, 0, 0, 0, 0, 0, 0, 0, 0, 0, 0, 0, 0, 0, 0, 1
"d:\codes\996ForCredit\final_project\383ONPBqLwJeW\east_wind\.VSCodeCounter\2023-08-21_16-02-36\results.md", "Markdown", 0, 49, 0, 0, 0, 0, 0, 0, 0, 0, 0, 0, 0, 0, 0, 0, 0, 0, 0, 7, 56
"d:\codes\996ForCredit\final_project\383ONPBqLwJeW\east_wind\pom.xml", "XML", 0, 0, 0, 0, 0, 0, 0, 0, 0, 0, 0, 81, 0, 0, 0, 0, 0, 0, 11, 7, 99
"d:\codes\996ForCredit\final_project\383ONPBqLwJeW\east_wind\src\main\java\com\ew\EastWind.java", "Java", 0, 0, 0, 17, 0, 0, 0, 0, 0, 0, 0, 0, 0, 0, 0, 0, 0, 0, 1, 3, 21
"d:\codes\996ForCredit\final_project\383ONPBqLwJeW\east_wind\src\main\java\com\ew\adivce\GlobalHandlerExceptionController.java", "Java", 0, 0, 0, 14, 0, 0, 0, 0, 0, 0, 0, 0, 0, 0, 0, 0, 0, 0, 4, 2, 20
"d:\codes\996ForCredit\final_project\383ONPBqLwJeW\east_wind\src\main\java\com\ew\common\response\DownloadFileData.java", "Java", 0, 0, 0, 10, 0, 0, 0, 0, 0, 0, 0, 0, 0, 0, 0, 0, 0, 0, 1, 4, 15
"d:\codes\996ForCredit\final_project\383ONPBqLwJeW\east_wind\src\main\java\com\ew\common\response\ResponseData.java", "Java", 0, 0, 0, 11, 0, 0, 0, 0, 0, 0, 0, 0, 0, 0, 0, 0, 0, 0, 0, 3, 14
"d:\codes\996ForCredit\final_project\383ONPBqLwJeW\east_wind\src\main\java\com\ew\config\GlobalWebMvcConfigurer.java", "Java", 0, 0, 0, 18, 0, 0, 0, 0, 0, 0, 0, 0, 0, 0, 0, 0, 0, 0, 20, 3, 41
"d:\codes\996ForCredit\final_project\383ONPBqLwJeW\east_wind\src\main\java\com\ew\config\RedisTemplateConfig.java", "Java", 0, 0, 0, 19, 0, 0, 0, 0, 0, 0, 0, 0, 0, 0, 0, 0, 0, 0, 0, 4, 23
"d:\codes\996ForCredit\final_project\383ONPBqLwJeW\east_wind\src\main\java\com\ew\controller\LoginController.java", "Java", 0, 0, 0, 25, 0, 0, 0, 0, 0, 0, 0, 0, 0, 0, 0, 0, 0, 0, 0, 5, 30
"d:\codes\996ForCredit\final_project\383ONPBqLwJeW\east_wind\src\main\java\com\ew\controller\UserController.java", "Java", 0, 0, 0, 51, 0, 0, 0, 0, 0, 0, 0, 0, 0, 0, 0, 0, 0, 0, 0, 3, 54
"d:\codes\996ForCredit\final_project\383ONPBqLwJeW\east_wind\src\main\java\com\ew\dao\UserMapper.java", "Java", 0, 0, 0, 11, 0, 0, 0, 0, 0, 0, 0, 0, 0, 0, 0, 0, 0, 0, 1, 9, 21
"d:\codes\996ForCredit\final_project\383ONPBqLwJeW\east_wind\src\main\java\com\ew\entity\Captcha.java", "Java", 0, 0, 0, 12, 0, 0, 0, 0, 0, 0, 0, 0, 0, 0, 0, 0, 0, 0, 0, 3, 15
"d:\codes\996ForCredit\final_project\383ONPBqLwJeW\east_wind\src\main\java\com\ew\entity\Token.java", "Java", 0, 0, 0, 8, 0, 0, 0, 0, 0, 0, 0, 0, 0, 0, 0, 0, 0, 0, 0, 3, 11
"d:\codes\996ForCredit\final_project\383ONPBqLwJeW\east_wind\src\main\java\com\ew\entity\User.java", "Java", 0, 0, 0, 17, 0, 0, 0, 0, 0, 0, 0, 0, 0, 0, 0, 0, 0, 0, 0, 4, 21
"d:\codes\996ForCredit\final_project\383ONPBqLwJeW\east_wind\src\main\java\com\ew\enums\EnumPermission.java", "Java", 0, 0, 0, 24, 0, 0, 0, 0, 0, 0, 0, 0, 0, 0, 0, 0, 0, 0, 3, 7, 34
"d:\codes\996ForCredit\final_project\383ONPBqLwJeW\east_wind\src\main\java\com\ew\handlers\EnumPermissionHandler.java", "Java", 0, 0, 0, 26, 0, 0, 0, 0, 0, 0, 0, 0, 0, 0, 0, 0, 0, 0, 0, 8, 34
"d:\codes\996ForCredit\final_project\383ONPBqLwJeW\east_wind\src\main\java\com\ew\interceptors\AuthInterceptor.java", "Java", 0, 0, 0, 43, 0, 0, 0, 0, 0, 0, 0, 0, 0, 0, 0, 0, 0, 0, 2, 5, 50
"d:\codes\996ForCredit\final_project\383ONPBqLwJeW\east_wind\src\main\java\com\ew\interceptors\GlobalInterceptor.java", "Java", 0, 0, 0, 14, 0, 0, 0, 0, 0, 0, 0, 0, 0, 0, 0, 0, 0, 0, 1, 4, 19
"d:\codes\996ForCredit\final_project\383ONPBqLwJeW\east_wind\src\main\java\com\ew\model\Base64Model.java", "Java", 0, 0, 0, 21, 0, 0, 0, 0, 0, 0, 0, 0, 0, 0, 0, 0, 0, 0, 0, 2, 23
"d:\codes\996ForCredit\final_project\383ONPBqLwJeW\east_wind\src\main\java\com\ew\model\LoginRequest.java", "Java", 0, 0, 0, 10, 0, 0, 0, 0, 0, 0, 0, 0, 0, 0, 0, 0, 0, 0, 1, 3, 14
"d:\codes\996ForCredit\final_project\383ONPBqLwJeW\east_wind\src\main\java\com\ew\model\LoginResponse.java", "Java", 0, 0, 0, 13, 0, 0, 0, 0, 0, 0, 0, 0, 0, 0, 0, 0, 0, 0, 0, 4, 17
"d:\codes\996ForCredit\final_project\383ONPBqLwJeW\east_wind\src\main\java\com\ew\repository\CaptchaRepository.java", "Java", 0, 0, 0, 8, 0, 0, 0, 0, 0, 0, 0, 0, 0, 0, 0, 0, 0, 0, 0, 7, 15
"d:\codes\996ForCredit\final_project\383ONPBqLwJeW\east_wind\src\main\java\com\ew\repository\TokenRepository.java", "Java", 0, 0, 0, 9, 0, 0, 0, 0, 0, 0, 0, 0, 0, 0, 0, 0, 0, 0, 0, 6, 15
"d:\codes\996ForCredit\final_project\383ONPBqLwJeW\east_wind\src\main\java\com\ew\repository\impl\CaptchaRepositoryImpl.java", "Java", 0, 0, 0, 36, 0, 0, 0, 0, 0, 0, 0, 0, 0, 0, 0, 0, 0, 0, 1, 7, 44
"d:\codes\996ForCredit\final_project\383ONPBqLwJeW\east_wind\src\main\java\com\ew\repository\impl\TokenRepositoryImpl.java", "Java", 0, 0, 0, 43, 0, 0, 0, 0, 0, 0, 0, 0, 0, 0, 0, 0, 0, 0, 2, 8, 53
"d:\codes\996ForCredit\final_project\383ONPBqLwJeW\east_wind\src\main\java\com\ew\service\AuthService.java", "Java", 0, 0, 0, 8, 0, 0, 0, 0, 0, 0, 0, 0, 0, 0, 0, 0, 0, 0, 0, 4, 12
"d:\codes\996ForCredit\final_project\383ONPBqLwJeW\east_wind\src\main\java\com\ew\service\CaptchaService.java", "Java", 0, 0, 0, 8, 0, 0, 0, 0, 0, 0, 0, 0, 0, 0, 0, 0, 0, 0, 2, 5, 15
"d:\codes\996ForCredit\final_project\383ONPBqLwJeW\east_wind\src\main\java\com\ew\service\TokenService.java", "Java", 0, 0, 0, 8, 0, 0, 0, 0, 0, 0, 0, 0, 0, 0, 0, 0, 0, 0, 0, 6, 14
"d:\codes\996ForCredit\final_project\383ONPBqLwJeW\east_wind\src\main\java\com\ew\service\UserService.java", "Java", 0, 0, 0, 12, 0, 0, 0, 0, 0, 0, 0, 0, 0, 0, 0, 0, 0, 0, 0, 4, 16
"d:\codes\996ForCredit\final_project\383ONPBqLwJeW\east_wind\src\main\java\com\ew\service\impl\AuthServiceImpl.java", "Java", 0, 0, 0, 37, 0, 0, 0, 0, 0, 0, 0, 0, 0, 0, 0, 0, 0, 0, 6, 5, 48
"d:\codes\996ForCredit\final_project\383ONPBqLwJeW\east_wind\src\main\java\com\ew\service\impl\CaptchaServiceImpl.java", "Java", 0, 0, 0, 35, 0, 0, 0, 0, 0, 0, 0, 0, 0, 0, 0, 0, 0, 0, 6, 7, 48
"d:\codes\996ForCredit\final_project\383ONPBqLwJeW\east_wind\src\main\java\com\ew\service\impl\TokenServiceImpl.java", "Java", 0, 0, 0, 34, 0, 0, 0, 0, 0, 0, 0, 0, 0, 0, 0, 0, 0, 0, 2, 9, 45
"d:\codes\996ForCredit\final_project\383ONPBqLwJeW\east_wind\src\main\java\com\ew\service\impl\UserServiceImpl.java", "Java", 0, 0, 0, 56, 0, 0, 0, 0, 0, 0, 0, 0, 0, 0, 0, 0, 0, 0, 1, 11, 68
"d:\codes\996ForCredit\final_project\383ONPBqLwJeW\east_wind\src\main\resources\application-dev.yml", "YAML", 0, 0, 0, 0, 0, 0, 0, 0, 0, 0, 0, 0, 0, 0, 0, 0, 18, 0, 5, 2, 25
"d:\codes\996ForCredit\final_project\383ONPBqLwJeW\east_wind\src\main\resources\application.yml", "YAML", 0, 0, 0, 0, 0, 0, 0, 0, 0, 0, 0, 0, 0, 0, 0, 0, 3, 0, 0, 0, 3
"d:\codes\996ForCredit\final_project\383ONPBqLwJeW\east_wind\src\main\resources\mapper\UserMapper.xml", "XML", 0, 0, 0, 0, 0, 0, 0, 0, 0, 0, 0, 38, 0, 0, 0, 0, 0, 0, 0, 0, 38
"d:\codes\996ForCredit\final_project\383ONPBqLwJeW\east_wind\src\test\java\com\ew\dao\TestUserMapper.java", "Java", 0, 0, 0, 34, 0, 0, 0, 0, 0, 0, 0, 0, 0, 0, 0, 0, 0, 0, 0, 3, 37
"d:\codes\996ForCredit\final_project\383ONPBqLwJeW\package.json", "JSON", 0, 0, 0, 0, 5, 0, 0, 0, 0, 0, 0, 0, 0, 0, 0, 0, 0, 0, 0, 1, 6
"d:\codes\996ForCredit\libs\FileUploadUtils.java", "Java", 0, 0, 0, 33, 0, 0, 0, 0, 0, 0, 0, 0, 0, 0, 0, 0, 0, 0, 27, 4, 64
"d:\codes\996ForCredit\libs\UploadController.java", "Java", 0, 0, 0, 27, 0, 0, 0, 0, 0, 0, 0, 0, 0, 0, 0, 0, 0, 0, 5, 8, 40
"d:\codes\996ForCredit\libs\jquery-3.7.0.min.js", "JavaScript", 0, 0, 1, 0, 0, 0, 0, 0, 0, 0, 0, 0, 0, 0, 0, 0, 0, 0, 1, 0, 2
"d:\codes\996ForCredit\libs\request.js", "JavaScript", 0, 0, 52, 0, 0, 0, 0, 0, 0, 0, 0, 0, 0, 0, 0, 0, 0, 0, 25, 6, 83
"d:\codes\996ForCredit\libs\user.js", "JavaScript", 0, 0, 31, 0, 0, 0, 0, 0, 0, 0, 0, 0, 0, 0, 0, 0, 0, 0, 5, 4, 40
"d:\codes\996ForCredit\libs\vue.js", "JavaScript", 0, 0, 15017, 0, 0, 0, 0, 0, 0, 0, 0, 0, 0, 0, 0, 0, 0, 0, 226, 118, 15361
"d:\codes\996ForCredit\templetes\frame.html", "HTML", 11, 0, 0, 0, 0, 0, 0, 0, 0, 0, 0, 0, 0, 0, 0, 0, 0, 0, 0, 5, 16
"d:\codes\996ForCredit\templetes\jquery.html", "HTML", 12, 0, 0, 0, 0, 0, 0, 0, 0, 0, 0, 0, 0, 0, 0, 0, 0, 0, 1, 5, 18
"d:\codes\996ForCredit\templetes\templete-vue.html", "HTML", 12, 0, 0, 0, 0, 0, 0, 0, 0, 0, 0, 0, 0, 0, 0, 0, 0, 0, 1, 5, 18
"d:\codes\996ForCredit\tests\templete.html", "HTML", 13, 0, 0, 0, 0, 0, 0, 0, 0, 0, 0, 0, 0, 0, 0, 0, 0, 0, 1, 4, 18
"d:\codes\996ForCredit\tests\test.html", "HTML", 13, 0, 0, 0, 0, 0, 0, 0, 0, 0, 0, 0, 0, 0, 0, 0, 0, 0, 1, 4, 18
"Total", "-", 2637, 1082, 16550, 2958, 10368, 1625, 20, 13, 1674, 1132, 38, 2032, 10, 9, 306, 19, 126, 319, 2295, 2304, 45517